Asset,Filter,Threshold,N Pass,N Fail,Pass Next OOS%,Fail Next OOS%,Baseline%,Lift (pp)
BTC,MC-MDD p50,50,380520,349518,31.71,31.6,31.66,0.05
BTC,MC-MDD p75,75,195046,534992,31.72,31.63,31.66,0.07
BTC,MC-MDD p90,90,79556,650482,31.52,31.67,31.66,-0.13
BTC,MC-Calmar p50,50,371905,358133,31.64,31.67,31.66,-0.01
BTC,MC-Calmar p75,75,188566,541472,31.76,31.62,31.66,0.11
BTC,MC-Calmar p90,90,76482,653556,31.67,31.66,31.66,0.01
BTC,MC-Ulcer p50,50,375557,354481,32.08,31.21,31.66,0.42
BTC,MC-Ulcer p75,75,191278,538760,32.17,31.48,31.66,0.51
BTC,MC-ROI* p50,50,262879,467159,30.57,32.27,31.66,-1.08
BTC,MC-ROI* p75,75,116962,613076,30.57,31.87,31.66,-1.09
DOGE,MC-MDD p50,50,303549,302602,36.72,36.48,36.6,0.12
DOGE,MC-MDD p75,75,152135,454016,36.78,36.54,36.6,0.18
DOGE,MC-MDD p90,90,60189,545962,36.79,36.58,36.6,0.19
DOGE,MC-Calmar p50,50,304819,301332,36.53,36.67,36.6,-0.07
DOGE,MC-Calmar p75,75,153671,452480,36.42,36.66,36.6,-0.18
DOGE,MC-Calmar p90,90,62041,544110,36.22,36.64,36.6,-0.38
DOGE,MC-Ulcer p50,50,301511,304640,36.8,36.4,36.6,0.2
DOGE,MC-Ulcer p75,75,150794,455357,36.71,36.57,36.6,0.11
DOGE,MC-ROI* p50,50,218630,387521,35.97,36.96,36.6,-0.63
DOGE,MC-ROI* p75,75,97357,508794,35.67,36.78,36.6,-0.93
BNB,MC-MDD p50,50,459815,443999,28.5,28.37,28.44,0.07
BNB,MC-MDD p75,75,231024,672790,28.46,28.43,28.44,0.03
BNB,MC-MDD p90,90,92452,811362,28.54,28.42,28.44,0.1
BNB,MC-Calmar p50,50,451075,452739,28.47,28.4,28.44,0.03
BNB,MC-Calmar p75,75,226116,677698,28.48,28.42,28.44,0.04
BNB,MC-Calmar p90,90,91117,812697,28.41,28.44,28.44,-0.03
BNB,MC-Ulcer p50,50,454562,449252,28.58,28.3,28.44,0.14
BNB,MC-Ulcer p75,75,227649,676165,28.71,28.34,28.44,0.27
BNB,MC-ROI* p50,50,324185,579629,27.5,28.96,28.44,-0.94
BNB,MC-ROI* p75,75,144191,759623,27.28,28.66,28.44,-1.15
SOL,MC-MDD p50,50,93163,91768,39.94,39.75,39.85,0.09
SOL,MC-MDD p75,75,47238,137693,39.81,39.86,39.85,-0.04
SOL,MC-MDD p90,90,19097,165834,39.8,39.85,39.85,-0.05
SOL,MC-Calmar p50,50,94248,90683,40.01,39.68,39.85,0.17
SOL,MC-Calmar p75,75,48112,136819,40.0,39.79,39.85,0.15
SOL,MC-Calmar p90,90,19683,165248,40.16,39.81,39.85,0.31
SOL,MC-Ulcer p50,50,94863,90068,39.79,39.91,39.85,-0.06
SOL,MC-Ulcer p75,75,48497,136434,39.9,39.83,39.85,0.05
SOL,MC-ROI* p50,50,66734,118197,39.07,40.29,39.85,-0.78
SOL,MC-ROI* p75,75,29763,155168,38.5,40.11,39.85,-1.35
EUR/USD,MC-MDD p50,50,360558,403674,11.8,12.74,12.3,-0.5
EUR/USD,MC-MDD p75,75,178443,585789,11.6,12.51,12.3,-0.7
EUR/USD,MC-MDD p90,90,72119,692113,11.5,12.38,12.3,-0.79
EUR/USD,MC-Calmar p50,50,386749,377483,11.93,12.67,12.3,-0.37
EUR/USD,MC-Calmar p75,75,199943,564289,11.68,12.51,12.3,-0.61
EUR/USD,MC-Calmar p90,90,84980,679252,11.39,12.41,12.3,-0.91
EUR/USD,MC-Ulcer p50,50,371225,393007,12.31,12.28,12.3,0.01
EUR/USD,MC-Ulcer p75,75,191371,572861,12.03,12.39,12.3,-0.27
EUR/USD,MC-ROI* p50,50,178332,585900,13.25,12.0,12.3,0.96
EUR/USD,MC-ROI* p75,75,73735,690497,13.38,12.18,12.3,1.08
USD/JPY,MC-MDD p50,50,356833,398151,9.04,10.04,9.56,-0.53
USD/JPY,MC-MDD p75,75,177216,577768,8.86,9.78,9.56,-0.71
USD/JPY,MC-MDD p90,90,71536,683448,8.87,9.64,9.56,-0.7
USD/JPY,MC-Calmar p50,50,379350,375634,9.18,9.95,9.56,-0.38
USD/JPY,MC-Calmar p75,75,196252,558732,9.01,9.76,9.56,-0.56
USD/JPY,MC-Calmar p90,90,83261,671723,8.72,9.67,9.56,-0.84
USD/JPY,MC-Ulcer p50,50,360459,394525,9.25,9.85,9.56,-0.31
USD/JPY,MC-Ulcer p75,75,183954,571030,8.98,9.75,9.56,-0.58
USD/JPY,MC-ROI* p50,50,171283,583701,10.6,9.26,9.56,1.03
USD/JPY,MC-ROI* p75,75,70342,684642,10.7,9.45,9.56,1.14
EUR/GBP,MC-MDD p50,50,344299,418947,26.95,28.21,27.64,-0.69
EUR/GBP,MC-MDD p75,75,167158,596088,26.64,27.92,27.64,-1.0
EUR/GBP,MC-MDD p90,90,66108,697138,26.6,27.74,27.64,-1.04
EUR/GBP,MC-Calmar p50,50,385208,378038,27.04,28.26,27.64,-0.61
EUR/GBP,MC-Calmar p75,75,200670,562576,26.67,27.99,27.64,-0.97
EUR/GBP,MC-Calmar p90,90,85625,677621,26.0,27.85,27.64,-1.64
EUR/GBP,MC-Ulcer p50,50,359599,403647,27.6,27.68,27.64,-0.04
EUR/GBP,MC-Ulcer p75,75,179484,583762,27.7,27.62,27.64,0.06
EUR/GBP,MC-ROI* p50,50,201642,561604,28.26,27.42,27.64,0.62
EUR/GBP,MC-ROI* p75,75,85012,678234,28.18,27.57,27.64,0.54
XAU/USD,MC-MDD p50,50,401861,360520,55.56,55.14,55.36,0.2
XAU/USD,MC-MDD p75,75,207576,554805,55.45,55.33,55.36,0.08
XAU/USD,MC-MDD p90,90,86347,676034,55.25,55.38,55.36,-0.11
XAU/USD,MC-Calmar p50,50,395141,367240,55.51,55.21,55.36,0.14
XAU/USD,MC-Calmar p75,75,202142,560239,55.35,55.37,55.36,-0.01
XAU/USD,MC-Calmar p90,90,83584,678797,54.98,55.41,55.36,-0.38
XAU/USD,MC-Ulcer p50,50,400355,362026,55.55,55.15,55.36,0.19
XAU/USD,MC-Ulcer p75,75,207411,554970,55.42,55.34,55.36,0.06
XAU/USD,MC-ROI* p50,50,217194,545187,55.52,55.3,55.36,0.15
XAU/USD,MC-ROI* p75,75,92318,670063,55.26,55.38,55.36,-0.11
WTI,MC-MDD p50,50,387902,371343,43.27,43.4,43.34,-0.06
WTI,MC-MDD p75,75,197518,561727,43.2,43.38,43.34,-0.13
WTI,MC-MDD p90,90,81044,678201,43.4,43.33,43.34,0.06
WTI,MC-Calmar p50,50,382633,376612,43.26,43.41,43.34,-0.07
WTI,MC-Calmar p75,75,193547,565698,43.18,43.39,43.34,-0.15
WTI,MC-Calmar p90,90,78976,680269,43.31,43.34,43.34,-0.02
WTI,MC-Ulcer p50,50,387489,371756,43.25,43.42,43.34,-0.08
WTI,MC-Ulcer p75,75,197832,561413,43.16,43.4,43.34,-0.18
WTI,MC-ROI* p50,50,224754,534491,43.19,43.4,43.34,-0.14
WTI,MC-ROI* p75,75,96577,662668,43.18,43.36,43.34,-0.16
