window,portfolio_id,port_is_roi,port_oos_roi,port_oos_profitable,std_mc_rank,boot_mc_rank,pct_edge,mean_alpha
0,0,1.9491150450965695,1.7162869638846925,True,50.0,100.0,100.0,0.00871227117358903
0,1,1.9042713547802557,1.753888869540423,True,50.0,100.0,100.0,0.008750092326277863
0,2,1.8642621264867956,1.6348481860982964,True,50.0,100.0,100.0,0.00804213784273927
0,3,1.8434925860703018,1.697478269356934,True,50.0,100.0,100.0,0.008209032776560123
0,4,1.974452313516116,1.8354101042520263,True,50.0,100.0,100.0,0.008824178767291477
0,5,2.0260650772511593,1.7413180658037901,True,50.0,100.0,100.0,0.008532531789133529
0,6,1.9070011945018561,1.6021845278333877,True,50.0,100.0,100.0,0.007943300678241422
0,7,1.994899685100335,1.6975687497462786,True,50.0,100.0,100.0,0.00910297997598838
0,8,1.969020355686284,1.788630770432312,True,50.0,100.0,100.0,0.008823285122408885
0,9,1.8154442468232452,1.582828538536349,True,50.0,100.0,100.0,0.00819259180673404
0,10,2.0206398711947164,1.7178898612273923,True,50.0,100.0,100.0,0.008676156453293796
0,11,1.941306002340572,1.8119354066719247,True,50.0,100.0,100.0,0.00885164917101276
0,12,1.9762910521734411,1.7437390952006466,True,50.0,100.0,100.0,0.008475479272166029
0,13,1.9957272841038403,1.8311986536852345,True,50.0,100.0,100.0,0.008897235541193002
0,14,1.8989060180157487,1.846634229499698,True,50.0,100.0,100.0,0.008652914503390095
0,15,1.9431805232127914,1.800456664196097,True,50.0,100.0,100.0,0.008973672868445982
0,16,1.92001247678092,1.6674826774161822,True,50.0,100.0,100.0,0.00834885283472014
0,17,1.923650722660557,1.6595831854033094,True,50.0,100.0,100.0,0.008772098893842008
0,18,1.8480964896581216,1.7323624650029292,True,50.0,100.0,100.0,0.008475753854786765
0,19,1.897074114185881,1.7097115247731882,True,50.0,100.0,100.0,0.00866267625026046
0,20,2.0047577060905835,1.8692900342071392,True,50.0,100.0,100.0,0.009094680116540573
0,21,1.9500285767219352,1.7243570581318184,True,50.0,100.0,100.0,0.008746973065580733
0,22,1.9399169721262104,1.6255755680195527,True,50.0,100.0,100.0,0.008494855918430971
0,23,1.9837823121815596,1.6443157618534365,True,50.0,100.0,100.0,0.00806828754434259
0,24,1.9316633457574657,1.7927098780068274,True,50.0,100.0,100.0,0.00858797979903601
0,25,1.935386202453899,1.7389844544544726,True,50.0,100.0,100.0,0.008282131681734086
0,26,1.9895121723822666,1.74915278544603,True,50.0,100.0,100.0,0.008420853782911384
0,27,1.945601980741054,1.650329728807495,True,50.0,100.0,100.0,0.008397759841538874
0,28,1.9699653206906944,1.7834362126237326,True,50.0,100.0,100.0,0.008618965291274873
0,29,1.9034838976243762,1.6877672011403422,True,50.0,100.0,100.0,0.00851887087443567
0,30,1.9690291377316917,1.6440304699005241,True,50.0,100.0,100.0,0.008290147477867988
0,31,1.9616413033993232,1.7313742310740168,True,50.0,100.0,100.0,0.0083298929507459
0,32,1.9690588077539857,1.5855420953990784,True,50.0,100.0,100.0,0.008814652568192648
0,33,1.8635221874845045,1.7669660422551785,True,50.0,100.0,100.0,0.008383416493406595
0,34,1.9277319297264477,1.7440017108432102,True,50.0,100.0,100.0,0.008134624682034184
0,35,1.90806759637602,1.7040159174632628,True,50.0,100.0,100.0,0.008599522268417611
0,36,1.9285943348555232,1.7575002078102735,True,50.0,100.0,100.0,0.008811807169847957
0,37,1.865280087385583,1.7600015172196504,True,50.0,100.0,100.0,0.008067601509477747
0,38,1.9029182424319155,1.6738377403640428,True,50.0,100.0,100.0,0.008412546265513986
0,39,1.844117350413116,1.8386787771454198,True,50.0,100.0,100.0,0.008913874048577665
0,40,1.8864689238312338,1.7808727875077068,True,50.0,100.0,100.0,0.008380795129265584
0,41,1.9341472502373365,1.8631184966660066,True,50.0,100.0,100.0,0.008712976026338751
0,42,1.9503225814134582,1.8767483693447022,True,50.0,100.0,100.0,0.009497371654743722
0,43,1.9318829903882537,1.6970653559908242,True,50.0,100.0,100.0,0.007917633236305715
0,44,1.913790292589654,1.7592131578676398,True,50.0,100.0,100.0,0.008836103861946757
0,45,1.7899231233820074,1.5857835141414345,True,50.0,100.0,100.0,0.0083399601836103
0,46,1.8738952874797643,1.6668285183077778,True,50.0,100.0,100.0,0.008378939309380988
0,47,1.891669693089159,1.6817295312735072,True,50.0,100.0,100.0,0.008303723000689349
0,48,1.8681153823010956,1.625061489100275,True,50.0,100.0,100.0,0.007679028177608714
0,49,1.9613589947354613,1.7025466067283848,True,50.0,100.0,100.0,0.008623073654680947
0,50,1.980178432522385,1.8436597818241036,True,50.0,100.0,100.0,0.009066814465368129
0,51,1.881365264629909,1.7722584928008913,True,50.0,100.0,100.0,0.008700049604237514
0,52,1.9859319867994518,1.7090398552836361,True,50.0,100.0,100.0,0.008409167249427968
0,53,1.98589410305566,1.855400206506231,True,50.0,100.0,100.0,0.008585596234375138
0,54,1.9108342259457523,1.700424123181938,True,50.0,100.0,100.0,0.008553318303358511
0,55,1.8867757277384407,1.6511677444877229,True,50.0,100.0,100.0,0.008045361614406174
0,56,1.9005798952349593,1.780275917787972,True,50.0,100.0,100.0,0.008575940020955072
0,57,1.8405019418696977,1.7198761464986592,True,50.0,100.0,100.0,0.008663223372701593
0,58,1.9826250565915564,1.7867251372881623,True,50.0,100.0,100.0,0.008898020665407713
0,59,1.8366582457936975,1.7610359545354748,True,50.0,100.0,100.0,0.008617422059193943
0,60,1.9823442451905766,1.7150052055490594,True,50.0,100.0,100.0,0.00867365568335654
0,61,1.9392252664970513,1.7662730171939232,True,50.0,100.0,100.0,0.0082953021327653
0,62,1.9900483165850702,1.8797863992529726,True,50.0,100.0,100.0,0.008635734601242045
0,63,1.921136803438167,1.7020360636483745,True,50.0,100.0,100.0,0.008827387075358854
0,64,1.906956699679732,1.812434300061509,True,50.0,100.0,100.0,0.008857372567829355
0,65,1.8533549766620872,1.720342488486132,True,50.0,100.0,100.0,0.00866047309039811
0,66,1.9490659048358026,1.713196417233495,True,50.0,100.0,100.0,0.008453692267427908
0,67,1.8843289169389053,1.6831842394237626,True,50.0,100.0,100.0,0.008376396614664532
0,68,1.8100136266431277,1.6470290552231095,True,50.0,100.0,100.0,0.007834271139929736
0,69,1.972202886478661,1.693365809599857,True,50.0,100.0,100.0,0.008293597671816578
0,70,2.0093104328883746,1.8458610541744433,True,50.0,100.0,100.0,0.008995837186934473
0,71,1.9298688001626807,1.5770315236338814,True,50.0,100.0,100.0,0.00844822914881094
0,72,1.946476727252254,1.7301166851772916,True,50.0,100.0,100.0,0.008383557149436966
0,73,1.9913382726420878,1.6499797871636666,True,50.0,100.0,100.0,0.00864164278656566
0,74,1.9158674923347814,1.5275997282975762,True,50.0,100.0,100.0,0.008170440899971808
0,75,1.9607784877396015,1.8086558907289139,True,50.0,100.0,100.0,0.008586980913416063
0,76,1.947435284955617,1.6140181508218148,True,50.0,100.0,100.0,0.008700022560992376
0,77,1.9513574774483473,1.6742100837027905,True,50.0,100.0,100.0,0.008150320606982259
0,78,1.8756121110126585,1.7936613384169469,True,50.0,100.0,100.0,0.008688615103004161
0,79,1.8700441091763758,1.7157388010153976,True,50.0,100.0,100.0,0.008625516325249109
0,80,1.9448259392811003,1.760607829538691,True,50.0,100.0,100.0,0.00844075451307491
0,81,1.8646225652909494,1.7543687994053645,True,50.0,100.0,100.0,0.008307920084148449
0,82,1.897996293647942,1.6150988221977969,True,50.0,100.0,100.0,0.008420729190691909
0,83,2.047865915602633,1.7904643913397185,True,50.0,100.0,100.0,0.008842278353141195
0,84,1.9733674857688335,1.7198443160560266,True,50.0,100.0,100.0,0.008391459994974091
0,85,2.039888411886694,1.8722157885713973,True,50.0,100.0,100.0,0.009066207653534549
0,86,1.9665216486367378,1.8328586854684858,True,50.0,100.0,100.0,0.008699144295130825
0,87,1.8474538909647784,1.7194317205668757,True,50.0,100.0,100.0,0.008660689043406762
0,88,1.8464993827980685,1.767027068970749,True,50.0,100.0,100.0,0.008221221348361498
0,89,1.8665697968785087,1.7826119304113655,True,50.0,100.0,100.0,0.008466031836148922
0,90,1.9144737726492136,1.9767956590870768,True,50.0,100.0,100.0,0.00894347713485608
0,91,1.9139382766058026,1.7234959475095006,True,50.0,100.0,100.0,0.00884612537451192
0,92,1.9874307454924633,1.7067183728414683,True,50.0,100.0,100.0,0.008763344303850635
0,93,1.8926137469679822,1.739800086972069,True,50.0,100.0,100.0,0.008722736446302677
0,94,1.9097511121148343,1.7388158150154385,True,50.0,100.0,100.0,0.00852706909427082
0,95,2.0018557937727257,1.8397445495928497,True,50.0,100.0,100.0,0.009072621999267819
0,96,2.016914523380902,1.6966584844432386,True,50.0,100.0,100.0,0.008821061577792359
0,97,1.8293729693390208,1.691998300705756,True,50.0,100.0,100.0,0.008156972969230366
0,98,1.9009103114702348,1.5984012811306836,True,50.0,100.0,100.0,0.008256049027855534
0,99,1.9593721962491255,1.7287075424568337,True,50.0,100.0,100.0,0.008380605154097488
0,100,1.9266240491492497,1.6497787609344339,True,50.0,100.0,100.0,0.00808325579161374
0,101,1.9181388970244402,1.647761494767688,True,50.0,100.0,100.0,0.008258826220623641
0,102,1.9376522072684481,1.8455832036051916,True,50.0,100.0,100.0,0.008585163059559486
0,103,1.9517981301384864,1.6991279435373996,True,50.0,100.0,100.0,0.008414923495109538
0,104,1.9322168765397945,1.817581389125681,True,50.0,100.0,100.0,0.008733412852274258
0,105,1.8386465998299264,1.6955176785430375,True,50.0,100.0,100.0,0.008180789791083835
0,106,1.8731363455894379,1.7577614006193216,True,50.0,100.0,100.0,0.007999069866562354
0,107,1.839921221169733,1.6778962474016665,True,50.0,100.0,100.0,0.008012662950358677
0,108,1.96807120687163,1.8827794577467827,True,50.0,100.0,100.0,0.008833781181565017
0,109,1.9298697927745638,1.8350689525496926,True,50.0,100.0,100.0,0.008921173236392311
0,110,1.9881201503072752,1.7633098518978414,True,50.0,100.0,100.0,0.009110252187541143
0,111,1.9792617848298328,1.8061435534998822,True,50.0,100.0,100.0,0.008673655683356539
0,112,1.8974074707109565,1.8286558584606034,True,50.0,100.0,100.0,0.008260428254048598
0,113,1.8848960692019225,1.864332120741519,True,50.0,100.0,100.0,0.008955389609254521
0,114,1.8944111972053412,1.5960706500054098,True,50.0,100.0,100.0,0.008380531992733763
0,115,2.02429769277708,1.7565105780478494,True,50.0,100.0,100.0,0.008888587229874857
0,116,1.9337700970675946,1.8689475912247855,True,50.0,100.0,100.0,0.008528437195542497
0,117,1.9825891773507869,1.7907288485008965,True,50.0,100.0,100.0,0.008953685408423595
0,118,1.9745964594433267,1.7592116099609503,True,50.0,100.0,100.0,0.008315919682752238
0,119,1.9763294717190856,1.767938558433407,True,50.0,100.0,100.0,0.008291156394378425
0,120,1.9156353930813892,1.7313964183722264,True,50.0,100.0,100.0,0.008577289359824753
0,121,1.9225513681331023,1.8891345728995315,True,50.0,100.0,100.0,0.008646477484852321
0,122,1.986757165273574,1.6491671047370118,True,50.0,100.0,100.0,0.008583934859398309
0,123,1.860346315354811,1.7176126490270498,True,50.0,100.0,100.0,0.008409558381144435
0,124,1.87058141791398,1.7169960415274357,True,50.0,100.0,100.0,0.008563166178801356
0,125,1.858082296323364,1.7044025441030002,True,50.0,100.0,100.0,0.008075808878794123
0,126,1.9396838446587648,1.724687309305007,True,50.0,100.0,100.0,0.00835309727442669
0,127,1.85945328256483,1.66415389265368,True,50.0,100.0,100.0,0.008288102549189536
0,128,1.9559527304187418,1.6343146384541207,True,50.0,100.0,100.0,0.008247766777254419
0,129,1.8552866900481082,1.7846286542650085,True,50.0,100.0,100.0,0.00882010437772846
0,130,1.99616277977921,1.7135084272897962,True,50.0,100.0,100.0,0.00841073975989962
0,131,2.0606998152554565,1.9386578992094894,True,50.0,100.0,100.0,0.009023343770198353
0,132,1.8836890198683491,1.741794238666523,True,50.0,100.0,100.0,0.008582830308678329
0,133,2.0027358158625934,1.6825680897003266,True,50.0,100.0,100.0,0.008510596622656274
0,134,1.852317556031047,1.771546833891082,True,50.0,100.0,100.0,0.008385201899729387
0,135,1.8748438630893969,1.5596903804586106,True,50.0,100.0,100.0,0.007953262884762637
0,136,1.8888753640171843,1.5834904523763158,True,50.0,100.0,100.0,0.00815164050141257
0,137,1.942758062769623,1.8552963327516026,True,50.0,100.0,100.0,0.008601976568377155
0,138,1.9930910750359232,1.9530364437439158,True,50.0,100.0,100.0,0.008764509164222615
0,139,1.9483851867368347,1.8866914314948544,True,50.0,100.0,100.0,0.008464975214296993
0,140,1.9066576481964144,1.7100025852067575,True,50.0,100.0,100.0,0.008358507490475398
0,141,2.014039586304739,1.8979990581385238,True,50.0,100.0,100.0,0.009216592293002515
0,142,1.9484748124405205,1.8840698202706512,True,50.0,100.0,100.0,0.008651502734866933
0,143,1.9733715355123067,1.8373181509019596,True,50.0,100.0,100.0,0.008416404982644954
0,144,1.882210784774724,1.638253899933631,True,50.0,100.0,100.0,0.008082321761597955
0,145,1.8332099014786547,1.601853982967493,True,50.0,100.0,100.0,0.008136763272409244
0,146,1.9942128049880226,1.7865575250924344,True,50.0,100.0,100.0,0.00866980235535398
0,147,2.01294679921974,1.6856567441109611,True,50.0,100.0,100.0,0.0090770800145065
0,148,1.8800624198142173,1.8161779288261026,True,50.0,100.0,100.0,0.008507327958800163
0,149,1.908783573006918,1.9369562775953966,True,50.0,100.0,100.0,0.00860738438390082
0,150,1.8903778696378897,1.7762689718034834,True,50.0,100.0,100.0,0.008324867567361373
0,151,2.0451114738234275,1.8756013510339435,True,50.0,100.0,100.0,0.009214429961427944
0,152,2.0035032020162578,1.668615234093798,True,50.0,100.0,100.0,0.008384136768397329
0,153,1.920327841106912,1.690659086541008,True,50.0,100.0,100.0,0.008437023094031514
0,154,1.877146163793007,1.7442955176464765,True,50.0,100.0,100.0,0.008457447804038905
0,155,1.9114211156797292,1.6714495880681384,True,50.0,100.0,100.0,0.00822157092815955
0,156,1.9814943465206727,1.821130225412712,True,50.0,100.0,100.0,0.008857949017577539
0,157,1.9315118767366968,1.7818558820330135,True,50.0,100.0,100.0,0.00865591742200875
0,158,2.0428417105835224,1.8119309560303367,True,50.0,100.0,100.0,0.009124842882351256
0,159,1.8987181284580807,1.9017187447951382,True,50.0,100.0,100.0,0.008985764724617836
0,160,1.9623698592198404,1.7180936780457632,True,50.0,100.0,100.0,0.009030055281556974
0,161,1.9139341742560056,1.6705059611034478,True,50.0,100.0,100.0,0.008477592102369634
0,162,1.8686107724454064,1.7473677925837925,True,50.0,100.0,100.0,0.008861600989351529
0,163,1.9412071676656268,1.7616579798326526,True,50.0,100.0,100.0,0.008845882936214699
0,164,1.81922649277715,1.7369256794076526,True,50.0,100.0,100.0,0.008087150294910628
0,165,2.0006498002137922,1.7010020662988652,True,50.0,100.0,100.0,0.008426987337450273
0,166,1.9245242619495788,1.793255063177518,True,50.0,100.0,100.0,0.008220425036429245
0,167,1.9035755387865685,1.8556472596918225,True,50.0,100.0,100.0,0.008299454467744384
0,168,1.9242151018418707,1.7799417770081778,True,50.0,100.0,100.0,0.008715420962309865
0,169,1.9490610902597119,1.720579698106349,True,50.0,100.0,100.0,0.00870395996523419
0,170,1.9097320521916257,1.6990589014468096,True,50.0,100.0,100.0,0.008659528246848397
0,171,1.8804848943792023,1.6758222419490671,True,50.0,100.0,100.0,0.00850510593783314
0,172,1.9230902252159825,1.6576938689657255,True,50.0,100.0,100.0,0.008295830233737094
0,173,1.97385668209359,1.7583853975291421,True,50.0,100.0,100.0,0.008724907779484996
0,174,1.9368953682459442,1.7345388633250103,True,50.0,100.0,100.0,0.00873814650991404
0,175,1.8559939608778013,1.6855542883899495,True,50.0,100.0,100.0,0.008417344851818142
0,176,1.8761702949751442,1.683758428400917,True,50.0,100.0,100.0,0.008592404846495469
0,177,1.969167421639336,1.8204775338837582,True,50.0,100.0,100.0,0.008534552760495352
0,178,1.9188451730982095,1.6833744840583456,True,50.0,100.0,100.0,0.00842019005737369
0,179,2.0026022116917956,1.8854573538723671,True,50.0,100.0,100.0,0.009044117051427627
0,180,1.9410023902496796,1.6925605417845453,True,50.0,100.0,100.0,0.008181607966348564
0,181,1.9437253380138706,1.5810731789950756,True,50.0,100.0,100.0,0.008178134631743123
0,182,1.8754799944046892,1.6201057995468253,True,50.0,100.0,100.0,0.008482564867319697
0,183,1.9601063540439114,1.7589753489156972,True,50.0,100.0,100.0,0.008932897111307837
0,184,1.9100430526638892,1.811322346410406,True,50.0,100.0,100.0,0.008999324937924314
0,185,1.8986980481389977,1.6763097714065367,True,50.0,100.0,100.0,0.008542537894427531
0,186,1.8082998551625338,1.638697176647515,True,50.0,100.0,100.0,0.007967352858025774
0,187,1.8067358784217895,1.775872999540399,True,50.0,100.0,100.0,0.008359025840844577
0,188,1.9130831288928416,1.6744573522795485,True,50.0,100.0,100.0,0.0087649627486703
0,189,1.876431037346747,1.5329523166904706,True,50.0,100.0,100.0,0.007986639531648292
0,190,1.9119107203866854,1.7223171223846667,True,50.0,100.0,100.0,0.008512403185124754
0,191,1.9434075493184466,1.8367314872021931,True,50.0,100.0,100.0,0.008774320608454136
0,192,1.9161082641183143,1.8066369105315228,True,50.0,100.0,100.0,0.008684080608466368
0,193,1.9318647448316004,1.8038965714128246,True,50.0,100.0,100.0,0.008480402882479542
0,194,1.9267797568407459,1.7533346839711261,True,50.0,100.0,100.0,0.008601124091952904
0,195,1.9245863368911345,1.7990043549884924,True,50.0,100.0,100.0,0.008852150691877456
0,196,1.9500325069850213,1.7415388029688899,True,50.0,100.0,100.0,0.008446876286601407
0,197,1.914416104526401,1.7969287483242151,True,50.0,100.0,100.0,0.008459249203884845
0,198,1.867870279669028,1.7328730232455765,True,50.0,100.0,100.0,0.008114232930082453
0,199,1.9116104558738924,1.7889145074580717,True,50.0,100.0,100.0,0.00822281403171427
1,0,1.9766611599628665,1.7788976269310979,True,50.0,100.0,100.0,0.008634102973660183
1,1,1.9449634483186578,1.8755213427972062,True,50.0,100.0,100.0,0.00875199610943157
1,2,2.098198264543029,1.6818965763343798,True,50.0,100.0,100.0,0.008886869644910237
1,3,2.098034887832455,1.7206896425098681,True,50.0,100.0,100.0,0.008817508483355527
1,4,2.0409517160326613,1.7365388846138223,True,50.0,100.0,100.0,0.008653764701459952
1,5,1.9633960834210165,1.7509183534308967,True,50.0,100.0,100.0,0.008958746212098441
1,6,1.9957929685544578,1.7388190400563512,True,50.0,100.0,100.0,0.008553697348372993
1,7,2.021010191877786,1.8329325505347467,True,50.0,100.0,100.0,0.009176921863073262
1,8,2.0268733186960275,1.9740673238489967,True,50.0,100.0,100.0,0.009411374313302412
1,9,2.0076682430726316,1.758618054997799,True,50.0,100.0,100.0,0.008812836026366486
1,10,2.1074309675423164,1.7331518395389416,True,50.0,100.0,100.0,0.009026815464572239
1,11,1.9805083514514787,1.7476618879591843,True,50.0,100.0,100.0,0.008779628592678345
1,12,2.0347987430983556,1.7019552078700286,True,50.0,100.0,100.0,0.008801402086559384
1,13,2.0052899773842485,1.643233642978635,True,50.0,100.0,100.0,0.008516871479936256
1,14,2.0181533162998058,1.7862786600725975,True,50.0,100.0,100.0,0.008970485280927119
1,15,2.0320762317014007,1.8526808511819042,True,50.0,100.0,100.0,0.008918980365382637
1,16,1.9708916987084915,1.9002703801177099,True,50.0,100.0,100.0,0.008914228100661916
1,17,2.0203867515012144,1.9718368918388467,True,50.0,100.0,100.0,0.009084146744825508
1,18,2.0754217752823223,1.5648204030997772,True,50.0,100.0,100.0,0.008554983879345534
1,19,2.0899093026180844,1.784986859573547,True,50.0,100.0,100.0,0.008942062384863165
1,20,2.0345977283224497,1.9001287370113673,True,50.0,100.0,100.0,0.009016824949904356
1,21,2.097875386253029,1.7573140735453006,True,50.0,100.0,100.0,0.008734839973234848
1,22,2.0618508760332497,1.7527039492381267,True,50.0,100.0,100.0,0.008806047821991599
1,23,1.9912424774485697,1.83207669009599,True,50.0,100.0,100.0,0.009108669125198827
1,24,2.048650929193257,1.6335632495390917,True,50.0,100.0,100.0,0.008626059287587213
1,25,2.018106876558055,1.8163277109210878,True,50.0,100.0,100.0,0.009067162145047488
1,26,1.9981405438025956,1.6625704518713333,True,50.0,100.0,100.0,0.008861433588952873
1,27,2.049447675859691,1.6556584140919526,True,50.0,100.0,100.0,0.008833087216972504
1,28,1.9656181254510319,1.811929908526602,True,50.0,100.0,100.0,0.008895148403123502
1,29,2.0198943270859666,1.8057639425115917,True,50.0,100.0,100.0,0.009079233754554921
1,30,2.067983981254886,1.6113927934241956,True,50.0,100.0,100.0,0.008471077259318482
1,31,2.0443157986085114,1.7461382337100897,True,50.0,100.0,100.0,0.008814478275781714
1,32,1.9858471909819435,1.862401933446978,True,50.0,100.0,100.0,0.009121604232913132
1,33,2.0764415360614676,1.8087614499115083,True,50.0,100.0,100.0,0.00913373512114582
1,34,2.022450295314409,1.6602413724014995,True,50.0,100.0,100.0,0.008743247589193589
1,35,2.0606426470230033,1.643600915954273,True,50.0,100.0,100.0,0.00851301619113933
1,36,2.017639153511481,1.7647319755136146,True,50.0,100.0,100.0,0.008802622503435581
1,37,2.025557541271996,1.650538756195386,True,50.0,100.0,100.0,0.00890283203331301
1,38,2.002821230496349,1.6695825713188452,True,50.0,100.0,100.0,0.008477930983524368
1,39,2.008253719675903,1.5902619280317398,True,50.0,100.0,100.0,0.008474603390070926
1,40,2.057979465543777,1.7839043012385656,True,50.0,100.0,100.0,0.009079716122080925
1,41,2.0965275291872953,1.8114243140497213,True,50.0,100.0,100.0,0.00873291429109589
1,42,1.9823444682493647,1.8311010940906904,True,50.0,100.0,100.0,0.00893553415099151
1,43,2.0789939600538014,1.8544916404794474,True,50.0,100.0,100.0,0.009059740114976855
1,44,2.042584072482632,1.9082861495005226,True,50.0,100.0,100.0,0.009017371951753228
1,45,2.0577589655465944,1.5986853216980794,True,50.0,100.0,100.0,0.008695679156982477
1,46,1.9842067368926728,1.803009634513716,True,50.0,100.0,100.0,0.008776646648572658
1,47,2.0770634139415582,1.587121716941704,True,50.0,100.0,100.0,0.00862434675568844
1,48,1.9680741850790497,1.7859800356648883,True,50.0,100.0,100.0,0.008991935895795864
1,49,2.0547006097853315,1.9351865531878443,True,50.0,100.0,100.0,0.009285167026831128
1,50,2.049629995698562,1.6880103998430265,True,50.0,100.0,100.0,0.009191686158631434
1,51,2.0297697361227605,1.7204834219427703,True,50.0,100.0,100.0,0.008803681294796216
1,52,2.0034125403982297,1.7458001437502513,True,50.0,100.0,100.0,0.008692484866531213
1,53,1.9989492449603463,1.7111822680546478,True,50.0,100.0,100.0,0.008664168407538989
1,54,2.041236092357496,1.6931031477313732,True,50.0,100.0,100.0,0.0088556234157133
1,55,2.0283639329150542,1.7808876946655752,True,50.0,100.0,100.0,0.008778644923916456
1,56,1.9508506900817804,1.9003472843202966,True,50.0,100.0,100.0,0.008960300531260413
1,57,2.145759738454358,1.7856116090237744,True,50.0,100.0,100.0,0.009392879471343929
1,58,2.0824084321593794,1.5971171712481858,True,50.0,100.0,100.0,0.008636057677279088
1,59,2.090215599561217,1.902354295837083,True,50.0,100.0,100.0,0.009212791998992966
1,60,2.0158224453052482,1.8776076758194837,True,50.0,100.0,100.0,0.00900932420143855
1,61,1.936235612021165,1.7877922154573032,True,50.0,100.0,100.0,0.008761545036466733
1,62,2.0118141840420036,1.7326654730939022,True,50.0,100.0,100.0,0.008953712475501998
1,63,2.1021304395565528,1.663967277307901,True,50.0,100.0,100.0,0.00880940175474015
1,64,2.045714901457226,1.5644249785761397,True,50.0,100.0,100.0,0.008757362540667302
1,65,2.0578361110786134,1.8217902484388842,True,50.0,100.0,100.0,0.008833730654545836
1,66,2.112542331954892,1.8943682739712138,True,50.0,100.0,100.0,0.00928960844496344
1,67,1.9995479344331226,1.6763712742486885,True,50.0,100.0,100.0,0.008841966538102139
1,68,1.9945421677858328,1.7208604721180318,True,50.0,100.0,100.0,0.008648371701219664
1,69,2.012901497270369,1.663152410191934,True,50.0,100.0,100.0,0.008602759150235026
1,70,2.086255831178503,1.8069529633635473,True,50.0,100.0,100.0,0.009321791123983214
1,71,2.0952993754798164,1.8778074829711962,True,50.0,100.0,100.0,0.009340374652935824
1,72,2.049391970871559,1.640494884002712,True,50.0,100.0,100.0,0.008978314685544433
1,73,1.9671215474939134,1.879089474731948,True,50.0,100.0,100.0,0.008801672577206187
1,74,2.0604066164415724,1.8719640894116363,True,50.0,100.0,100.0,0.00891804655283728
1,75,1.9965633209613451,1.651977546457281,True,50.0,100.0,100.0,0.008704692173450778
1,76,2.025637269605493,1.9660048605227485,True,50.0,100.0,100.0,0.008792963710908094
1,77,2.038474851278476,1.7165157824653043,True,50.0,100.0,100.0,0.00872950085679003
1,78,2.0197168965173917,1.8155590880705137,True,50.0,100.0,100.0,0.008985527386798598
1,79,2.105772823414326,1.7868920611451748,True,50.0,100.0,100.0,0.009033234336813203
1,80,2.0914913941228965,1.9180683355577481,True,50.0,100.0,100.0,0.00910629129616038
1,81,1.990472958473233,1.7809633233330817,True,50.0,100.0,100.0,0.008813628721015102
1,82,1.9648928738720055,1.8056192398952913,True,50.0,100.0,100.0,0.008940883676367447
1,83,1.9336117431777655,1.7537715330281454,True,50.0,100.0,100.0,0.00870319292453867
1,84,2.1165095097451405,1.8550562952293614,True,50.0,100.0,100.0,0.008939024815229905
1,85,1.9754389226151239,1.5771497221531117,True,50.0,100.0,100.0,0.008592929914829553
1,86,2.0062856962719575,1.7006778513931244,True,50.0,100.0,100.0,0.008748072157385812
1,87,2.0388946515766557,1.7179567384407552,True,50.0,100.0,100.0,0.009111434867170037
1,88,2.0965011672335456,1.8871824457781945,True,50.0,100.0,100.0,0.009168527148569158
1,89,2.0842449104176333,1.7674413996020337,True,50.0,100.0,100.0,0.0087976304212215
1,90,1.937832149329226,1.7772006305261037,True,50.0,100.0,100.0,0.008444680008705772
1,91,1.9728698683734542,1.6146974234341056,True,50.0,100.0,100.0,0.008702447052356883
1,92,2.043017230370561,1.8201801527047448,True,50.0,100.0,100.0,0.009236682729062484
1,93,2.0763871508401244,1.9118467700967199,True,50.0,100.0,100.0,0.009318183515822
1,94,1.9477098570470832,1.8713962998510794,True,50.0,100.0,100.0,0.008868900022869849
1,95,1.9567148939098555,1.621424936058699,True,50.0,100.0,100.0,0.008664189013552214
1,96,1.9644310421580655,1.5567944227219552,True,50.0,100.0,100.0,0.008474398802277676
1,97,2.047412423433478,1.8869417188707405,True,50.0,100.0,100.0,0.008905479430249072
1,98,2.0137769576147218,1.866074049664297,True,50.0,100.0,100.0,0.008863788817888995
1,99,2.0718092191630513,1.742597645898016,True,50.0,100.0,100.0,0.008843525799873294
1,100,2.0207279098419546,1.8735189456994976,True,50.0,100.0,100.0,0.009345432034428966
1,101,2.0440201468470707,1.9026474943342921,True,50.0,100.0,100.0,0.009087116710819474
1,102,1.9969215323626557,1.5869260335716984,True,50.0,100.0,100.0,0.00857272237596577
1,103,2.056124677994453,1.7609158753115808,True,50.0,100.0,100.0,0.008687155494228271
1,104,2.029741749242468,1.8283139790783955,True,50.0,100.0,100.0,0.008797598776024105
1,105,2.138246728371753,1.7863519314649736,True,50.0,100.0,100.0,0.009023058994162423
1,106,2.0051770421094948,1.8115359330605094,True,50.0,100.0,100.0,0.009018012706939135
1,107,2.031781823076915,1.7028323953782827,True,50.0,100.0,100.0,0.008532856356251173
1,108,2.0842491632934825,1.6363631058837544,True,50.0,100.0,100.0,0.008704015893032341
1,109,2.1056369104895234,1.7104171248547728,True,50.0,100.0,100.0,0.00889894405941372
1,110,2.0287171639157116,1.7823658735784598,True,50.0,100.0,100.0,0.009016453139361016
1,111,1.9399137126041832,1.7669780276263523,True,50.0,100.0,100.0,0.008630936992685556
1,112,1.9284632618465167,1.8487931481485034,True,50.0,100.0,100.0,0.009096913295296173
1,113,2.009144218926057,1.773620679344693,True,50.0,100.0,100.0,0.008662277542368115
1,114,2.004476716796891,1.5803975540651176,True,50.0,100.0,100.0,0.008705552373494423
1,115,2.0671084958196597,1.9907662435695574,True,50.0,100.0,100.0,0.00961769309298752
1,116,2.1415857938992473,1.5695027520007714,True,50.0,100.0,100.0,0.008683375420401741
1,117,1.9854832643755522,1.9265492258945227,True,50.0,100.0,100.0,0.008794895681042249
1,118,2.0427413323606083,1.6581513186399637,True,50.0,100.0,100.0,0.008886801372533826
1,119,1.9876403823114248,1.7276682569851818,True,50.0,100.0,100.0,0.00880637365486413
1,120,2.028601018805315,1.9201759083849654,True,50.0,100.0,100.0,0.009081420606591862
1,121,1.9237380507047028,1.8843255699388646,True,50.0,100.0,100.0,0.00882643895747509
1,122,2.052234227924118,1.7020012207231077,True,50.0,100.0,100.0,0.008981825480946313
1,123,1.9734758955867462,1.786496395790111,True,50.0,100.0,100.0,0.008873772733867953
1,124,2.0413100903101435,1.7175054182055782,True,50.0,100.0,100.0,0.008942000646097717
1,125,2.100550098842387,1.8229120609357952,True,50.0,100.0,100.0,0.009028883485938607
1,126,1.9844977910281874,1.7483755934748006,True,50.0,100.0,100.0,0.008729793539672822
1,127,2.0370576799594424,1.7673687097699133,True,50.0,100.0,100.0,0.008934117613976427
1,128,2.015510587478002,1.7801196148396639,True,50.0,100.0,100.0,0.00883143720910111
1,129,2.0225051255393476,1.7300256456654133,True,50.0,100.0,100.0,0.009157621161998116
1,130,1.879410201669558,1.7259070719094862,True,50.0,100.0,100.0,0.008575188361019394
1,131,2.05688586507151,1.8531610796002913,True,50.0,100.0,100.0,0.00892953633365057
1,132,2.151540113211536,1.7605853384474959,True,50.0,100.0,100.0,0.009198828496560067
1,133,1.9868001549377978,1.7683735754689933,True,50.0,100.0,100.0,0.008866785743337092
1,134,2.041079637487931,1.7046878397826781,True,50.0,100.0,100.0,0.00885447551248112
1,135,2.0082860004664704,1.8281957940176206,True,50.0,100.0,100.0,0.008618691164792724
1,136,2.0911825690958574,1.69206988285163,True,50.0,100.0,100.0,0.00889402325009874
1,137,2.1201610692076365,1.781549524283669,True,50.0,100.0,100.0,0.009174446091284568
1,138,2.0675038968255897,1.8875092614591842,True,50.0,100.0,100.0,0.009269970667887779
1,139,1.9482654675760611,1.845676172394955,True,50.0,100.0,100.0,0.009069687058719082
1,140,1.9708251640368641,1.8821240741539902,True,50.0,100.0,100.0,0.00891646070859518
1,141,2.0326267888960956,1.7063968567287227,True,50.0,100.0,100.0,0.008695747210607004
1,142,1.93099263791269,1.7865269707501497,True,50.0,100.0,100.0,0.00869315616646883
1,143,2.0319633353165614,1.6997415344011273,True,50.0,100.0,100.0,0.008700560753944318
1,144,1.966159703101129,1.6330419948239836,True,50.0,100.0,100.0,0.008489109395010384
1,145,2.082667017060547,1.793395472499284,True,50.0,100.0,100.0,0.008942421995901432
1,146,1.9855251486117482,1.7577912523315486,True,50.0,100.0,100.0,0.008683354477923792
1,147,2.0284002404890353,1.6440536936844143,True,50.0,100.0,100.0,0.00901114346153129
1,148,1.9852354946513322,1.78866816931695,True,50.0,100.0,100.0,0.00865262781643856
1,149,2.0277873325855458,1.7577244528850524,True,50.0,100.0,100.0,0.008966157897626236
1,150,2.0968762338345677,1.7003913588601223,True,50.0,100.0,100.0,0.008951635998707333
1,151,2.1412528483361712,1.7754128509151368,True,50.0,100.0,100.0,0.0088786705766998
1,152,2.086344162650022,1.6899127794677846,True,50.0,100.0,100.0,0.008555099354025732
1,153,2.019440721937094,1.7493126495591471,True,50.0,100.0,100.0,0.008420171766028198
1,154,2.0081356226718894,1.5769771523287548,True,50.0,100.0,100.0,0.008703854005793214
1,155,1.9342171123602288,1.7801564281085593,True,50.0,100.0,100.0,0.008785884547610614
1,156,2.0001519695780443,1.830167646241555,True,50.0,100.0,100.0,0.008798886399748304
1,157,2.00566182416601,1.834690374793921,True,50.0,100.0,100.0,0.008932320345186758
1,158,2.093882963457104,1.9050655126176559,True,50.0,100.0,100.0,0.009114203100696033
1,159,1.9472100543536892,1.6847625149184897,True,50.0,100.0,100.0,0.008526044573669412
1,160,2.087214194768449,1.8985120623563254,True,50.0,100.0,100.0,0.009021683051470542
1,161,2.1037230675763516,1.7776795775291163,True,50.0,100.0,100.0,0.008975315436389717
1,162,1.9987291829180118,1.9672808925964014,True,50.0,100.0,100.0,0.00912790236842621
1,163,2.0592987573085595,1.730200497616978,True,50.0,100.0,100.0,0.009017192795635386
1,164,2.0304334993257647,1.8009160426831847,True,50.0,100.0,100.0,0.009241678094737388
1,165,2.1009650765123267,1.7534978909360117,True,50.0,100.0,100.0,0.009125331855547082
1,166,1.9805140225756173,1.7366917427009585,True,50.0,100.0,100.0,0.008635691717660151
1,167,2.0299232204323716,1.7806078941188446,True,50.0,100.0,100.0,0.009030594118109735
1,168,1.9754809119308248,1.662548710367372,True,50.0,100.0,100.0,0.00846518887219069
1,169,2.035259647994992,1.803745017136124,True,50.0,100.0,100.0,0.008760705959208253
1,170,1.9979837640471907,1.9576268764905145,True,50.0,100.0,100.0,0.008951050616291477
1,171,1.984666465125835,1.7798570078203522,True,50.0,100.0,100.0,0.008866541640652962
1,172,2.0268116675182735,1.7192530847028582,True,50.0,100.0,100.0,0.008978166818355837
1,173,2.0280873970622157,1.6940013060311312,True,50.0,100.0,100.0,0.008628245137894208
1,174,2.0772766014964916,1.8142656314991754,True,50.0,100.0,100.0,0.008624497539774971
1,175,2.02778720543155,1.8453485605730535,True,50.0,100.0,100.0,0.00896476868690543
1,176,2.0170846473796678,1.833440875880589,True,50.0,100.0,100.0,0.009013286173997857
1,177,1.9639492108888255,1.826460437850351,True,50.0,100.0,100.0,0.009094657479960045
1,178,2.0982131152950805,1.701555178691344,True,50.0,100.0,100.0,0.00878649867142483
1,179,1.9609825209724108,1.8108104242263825,True,50.0,100.0,100.0,0.008889166729394422
1,180,2.089818620232259,1.6525576360624352,True,50.0,100.0,100.0,0.008477587388745062
1,181,2.0264799240997395,1.898321924442993,True,50.0,100.0,100.0,0.00914885189779283
1,182,2.0211269859180527,1.6933521444141981,True,50.0,100.0,100.0,0.008514743312773389
1,183,1.9836702220950062,2.0061214469379,True,50.0,100.0,100.0,0.009114058169583748
1,184,1.9820282110158352,1.6808767509391338,True,50.0,100.0,100.0,0.008872377756677754
1,185,1.8789248796994678,1.6872160516120178,True,50.0,100.0,100.0,0.008612476623686314
1,186,2.1127626158232022,1.7588729779805328,True,50.0,100.0,100.0,0.009213754346153865
1,187,2.141002526487578,1.7979758360523015,True,50.0,100.0,100.0,0.009000546513037043
1,188,1.9587726601227522,1.6566213654053137,True,50.0,100.0,100.0,0.00867380344913888
1,189,1.9897809259686832,1.934691751941567,True,50.0,100.0,100.0,0.009061624274646232
1,190,2.044775174426629,1.5826783482586357,True,50.0,100.0,100.0,0.008556998025088804
1,191,2.0750321669587755,1.7738091875537716,True,50.0,100.0,100.0,0.009188206472984076
1,192,2.0701182492297905,1.9119695578597646,True,50.0,100.0,100.0,0.009071651245247284
1,193,2.045316675769125,1.6764030015227944,True,50.0,100.0,100.0,0.008341782598163434
1,194,1.954145891879174,1.7636296915579668,True,50.0,100.0,100.0,0.008762032704037836
1,195,1.9921952532088671,1.5935015654718439,True,50.0,100.0,100.0,0.008598347163365324
1,196,2.0495091245721455,2.0142536950770014,True,50.0,100.0,100.0,0.009297188125868924
1,197,2.1096465078482423,1.711778445137499,True,50.0,100.0,100.0,0.009087243243819359
1,198,2.0443812206486234,1.6308220641586832,True,50.0,100.0,100.0,0.00845527443948549
1,199,1.9908088868615148,1.8917202337339087,True,50.0,100.0,100.0,0.008758682398856778
2,0,1.8631043499084814,1.672129200691542,True,50.0,100.0,100.0,0.008607427282705468
2,1,1.943566760120256,1.7723395441216057,True,50.0,100.0,100.0,0.009032205558791645
2,2,2.010774433868487,1.6387332508468198,True,50.0,100.0,100.0,0.00856450187025677
2,3,1.9547080364477747,1.6967372438563466,True,50.0,100.0,100.0,0.008873087928326754
2,4,1.9393150779665986,1.8343735347811418,True,50.0,100.0,100.0,0.009166583922683038
2,5,1.8651084131389393,1.7029483058255461,True,50.0,100.0,100.0,0.008412695455024155
2,6,1.8631398232709522,1.6958301586969384,True,50.0,100.0,100.0,0.008614616602112846
2,7,1.9406212944144172,1.7169023236137633,True,50.0,100.0,100.0,0.008622854867352337
2,8,1.9085265060182923,1.7434317356797742,True,50.0,100.0,100.0,0.00894838801537965
2,9,1.954370440118879,1.6760508431649768,True,50.0,100.0,100.0,0.008871870389146642
2,10,1.922473230661445,1.6680414469388818,True,50.0,100.0,100.0,0.00889509648974473
2,11,1.9594007586293258,1.7449870846742812,True,50.0,100.0,100.0,0.008787033183590424
2,12,1.9750481801635917,1.7639072120451025,True,50.0,100.0,100.0,0.008842691450234638
2,13,1.9853511521763476,1.75628642458597,True,50.0,100.0,100.0,0.008643587822525566
2,14,1.9515024668312289,1.6636165835395986,True,50.0,100.0,100.0,0.00877514307044663
2,15,2.0253169953977457,1.5995141950267033,True,50.0,100.0,100.0,0.008314208191735397
2,16,1.8762620438007935,1.766873692577019,True,50.0,100.0,100.0,0.008659532983931061
2,17,1.8924518728642852,1.6376073344650646,True,50.0,100.0,100.0,0.008456125743784192
2,18,1.9619477032563453,1.758775018511841,True,50.0,100.0,100.0,0.008692737442359749
2,19,1.9300082066715198,1.8176355250492535,True,50.0,100.0,100.0,0.009323588453415715
2,20,1.8934265417717753,1.4196208480759802,True,50.0,100.0,100.0,0.008089224623721868
2,21,1.9290513352308682,1.4698044978069107,True,50.0,100.0,100.0,0.008256383802701597
2,22,1.9473774250347442,1.7418499344063973,True,50.0,100.0,100.0,0.00865556122836077
2,23,1.9724058265053537,1.7599427596309312,True,50.0,100.0,100.0,0.008925246186240143
2,24,2.020575764348518,1.6695203978282032,True,50.0,100.0,100.0,0.008790125633171796
2,25,1.9676333552550194,1.6885791871478126,True,50.0,100.0,100.0,0.009053769168684266
2,26,1.8980341993227607,1.7613140964685399,True,50.0,100.0,100.0,0.008853073593580193
2,27,1.9203892091191654,1.5869413806591361,True,50.0,100.0,100.0,0.00824712201483761
2,28,1.9600982732219332,1.7475215937913657,True,50.0,100.0,100.0,0.008769617473553506
2,29,1.8811839728392539,1.432772329299044,True,50.0,100.0,100.0,0.00826307880607564
2,30,1.9443744162781158,1.659271667463773,True,50.0,100.0,100.0,0.008670676298477406
2,31,1.881318085063656,1.5044502644098041,True,50.0,100.0,100.0,0.00843125904171604
2,32,1.9506788978787344,1.6289238808655704,True,50.0,100.0,100.0,0.00877328747002126
2,33,1.928239318592033,1.7673485097792938,True,50.0,100.0,100.0,0.009124266630411597
2,34,1.964176714789459,1.7914375287790534,True,50.0,100.0,100.0,0.009110471647787464
2,35,1.9277059178676486,1.47496032672375,True,50.0,100.0,100.0,0.008170775301658132
2,36,1.9049754483988668,1.5216239731483419,True,50.0,100.0,100.0,0.008055869123224882
2,37,1.8791828512297202,1.6114862190606083,True,50.0,100.0,100.0,0.008272226514917446
2,38,1.982302363062176,1.7638393000796397,True,50.0,100.0,100.0,0.008411012989441378
2,39,1.8784428530426116,1.609379734998423,True,50.0,100.0,100.0,0.008239841421272435
2,40,1.9523435493350128,1.6896460825328963,True,50.0,100.0,100.0,0.008877157917725462
2,41,1.9540119400309972,1.7665314141017625,True,50.0,100.0,100.0,0.009110456754073761
2,42,1.964758171427412,1.7712009544073524,True,50.0,100.0,100.0,0.008689855698656069
2,43,1.9716973790551928,1.6945746396768175,True,50.0,100.0,100.0,0.00901298283921289
2,44,1.941735506292248,1.7168068673772585,True,50.0,100.0,100.0,0.008843237874002494
2,45,1.854852293738976,1.6192108845708126,True,50.0,100.0,100.0,0.008728730020939348
2,46,2.0236835906163018,1.7788116125981095,True,50.0,100.0,100.0,0.00904076409164741
2,47,1.9226574713455995,1.608486395207385,True,50.0,100.0,100.0,0.008334538948334514
2,48,1.9866051801539055,1.6916782035786049,True,50.0,100.0,100.0,0.008636498862349112
2,49,1.8920711103861312,1.6499594412005962,True,50.0,100.0,100.0,0.00842277178212825
2,50,1.9375199784435888,1.722027032015669,True,50.0,100.0,100.0,0.008718786236711743
2,51,1.924367088429546,1.5757547423109408,True,50.0,100.0,100.0,0.008726106080319247
2,52,1.917998613902352,1.656553310308365,True,50.0,100.0,100.0,0.008344974989175042
2,53,1.8998946827660106,1.6721090929392175,True,50.0,100.0,100.0,0.008814329501802465
2,54,1.8979899643908298,1.6149853097049935,True,50.0,100.0,100.0,0.00846723575953184
2,55,1.8065788090132429,1.7316368961288453,True,50.0,100.0,100.0,0.008872818657329386
2,56,1.926197204622601,1.6026041351277125,True,50.0,100.0,100.0,0.008430395982237087
2,57,1.9529023079631576,1.755639013610018,True,50.0,100.0,100.0,0.008946136027449784
2,58,1.9542801545324675,1.6566500883218527,True,50.0,100.0,100.0,0.008557033716240763
2,59,1.8665740610726722,1.564104704601247,True,50.0,100.0,100.0,0.008476687541764654
2,60,1.9235093216988115,1.652913594103812,True,50.0,100.0,100.0,0.008586924078976581
2,61,1.8906309956894762,1.582122736648969,True,50.0,100.0,100.0,0.008237372641116498
2,62,1.915078945591782,1.7386714760101956,True,50.0,100.0,100.0,0.009140208778633578
2,63,1.9507838310744465,1.6224925890368898,True,50.0,100.0,100.0,0.008376036725134924
2,64,1.8989689667831857,1.7100803422401305,True,50.0,100.0,100.0,0.008293862233960156
2,65,1.8969366771803002,1.6296793917479842,True,50.0,100.0,100.0,0.008646392924299287
2,66,1.9476957001097222,1.7621882934970223,True,50.0,100.0,100.0,0.008673165835460246
2,67,1.922165702740422,1.8246148234385422,True,50.0,100.0,100.0,0.008912743564374218
2,68,1.9171487817527577,1.67618678617436,True,50.0,100.0,100.0,0.008424712351822366
2,69,1.9155398990841987,1.5780506037538438,True,50.0,100.0,100.0,0.007999231936391802
2,70,1.8974915763292686,1.6390986763263249,True,50.0,100.0,100.0,0.00861257574109973
2,71,1.9171653931456134,1.6599085669635734,True,50.0,100.0,100.0,0.008893759388318687
2,72,1.931262618428389,1.6816287538044083,True,50.0,100.0,100.0,0.008220054701304205
2,73,1.9014314380345803,1.743142436635337,True,50.0,100.0,100.0,0.00893635819652119
2,74,2.0406342965007385,1.6161704908544636,True,50.0,100.0,100.0,0.008547010169200018
2,75,1.8955933733041739,1.738922498134888,True,50.0,100.0,100.0,0.008793833634604288
2,76,1.9101912141625441,1.6609153836792463,True,50.0,100.0,100.0,0.008608973106236806
2,77,2.029419033043294,1.681298172265945,True,50.0,100.0,100.0,0.00912799650414374
2,78,1.8956503737348822,1.7042713443528215,True,50.0,100.0,100.0,0.008650217088041845
2,79,1.9302540068717935,1.6543808890134541,True,50.0,100.0,100.0,0.008560467407163912
2,80,1.9644285215001176,1.7148897656880688,True,50.0,100.0,100.0,0.008927951054495276
2,81,1.9896526194074267,1.8173259522954104,True,50.0,100.0,100.0,0.00913786634186086
2,82,2.0389366927458417,1.7324684920288411,True,50.0,100.0,100.0,0.008460797089100395
2,83,1.8936440943624806,1.6390689990276848,True,50.0,100.0,100.0,0.008193436796970498
2,84,1.9253246811694371,1.7115639781184815,True,50.0,100.0,100.0,0.008869134306903965
2,85,1.8930254274017666,1.6227546598994835,True,50.0,100.0,100.0,0.008885459035308987
2,86,1.9343586980620473,1.6515499029722782,True,50.0,100.0,100.0,0.008626508048033103
2,87,1.9228184151879546,1.6395844198380967,True,50.0,100.0,100.0,0.008756369932038979
2,88,1.9064799701102455,1.6250239284785977,True,50.0,100.0,100.0,0.008264110134347264
2,89,1.9520316938650493,1.4950979983981085,True,50.0,100.0,100.0,0.008336256078876936
2,90,1.934466726401394,1.4802497571050297,True,50.0,100.0,100.0,0.00794261691541467
2,91,2.015133900764507,1.604225666455091,True,50.0,100.0,100.0,0.008683992845952131
2,92,1.905001184185105,1.662189044158774,True,50.0,100.0,100.0,0.00881761952256371
2,93,1.92662393233634,1.6887386890990879,True,50.0,100.0,100.0,0.008991767443513503
2,94,1.8787449949259873,1.6879327970993412,True,50.0,100.0,100.0,0.00862565489959061
2,95,1.9936832239864817,1.8104947993026297,True,50.0,100.0,100.0,0.008772417437380104
2,96,1.926786516549392,1.4471528124134299,True,50.0,100.0,100.0,0.008091333575596566
2,97,1.8720906128432482,1.5078321318081844,True,50.0,100.0,100.0,0.008352576660966267
2,98,1.954016665884928,1.7459834420835203,True,50.0,100.0,100.0,0.008683920076516142
2,99,1.959854096643254,1.5720005388967084,True,50.0,100.0,100.0,0.008386408790878732
2,100,2.0050919771847298,1.7139314054020134,True,50.0,100.0,100.0,0.008599539699945313
2,101,1.9586505670230714,1.596824942077829,True,50.0,100.0,100.0,0.008487358578149227
2,102,1.9536803040070332,1.6214268038497437,True,50.0,100.0,100.0,0.008491000400822802
2,103,1.9390196557171724,1.632725007455641,True,50.0,100.0,100.0,0.0083636368189897
2,104,1.8803279708248097,1.6474757538337468,True,50.0,100.0,100.0,0.008541279419907667
2,105,2.015414132187238,1.5936858511115546,True,50.0,100.0,100.0,0.008769281464483991
2,106,1.9074570376601216,1.6089174975303997,True,50.0,100.0,100.0,0.008493458959782157
2,107,1.944630178788275,1.8054950475865106,True,50.0,100.0,100.0,0.008778382012323109
2,108,1.9961407169035514,1.7240148327222449,True,50.0,100.0,100.0,0.008540938230648876
2,109,1.9207906877672154,1.8176336755219438,True,50.0,100.0,100.0,0.008916826354825557
2,110,1.9305339468073928,1.6868826312282803,True,50.0,100.0,100.0,0.008295893486050698
2,111,1.9413190692419005,1.5225268112264416,True,50.0,100.0,100.0,0.008604995644479425
2,112,1.9403007963991303,1.6666527778534346,True,50.0,100.0,100.0,0.008260699201600665
2,113,1.8375081572511334,1.6428522681666418,True,50.0,100.0,100.0,0.008449946622199745
2,114,1.8872178017432593,1.5725901894265584,True,50.0,100.0,100.0,0.008479155650426038
2,115,1.9943615906995558,1.7459054788255368,True,50.0,100.0,100.0,0.008594412338671887
2,116,1.9526442639635448,1.6768622572473368,True,50.0,100.0,100.0,0.008726147033113979
2,117,1.910843450655706,1.6704788202094512,True,50.0,100.0,100.0,0.00872918052654344
2,118,1.9783474093929616,1.7033937060455258,True,50.0,100.0,100.0,0.008547217481220911
2,119,1.8562660010573417,1.5689900354039543,True,50.0,100.0,100.0,0.00846728725009775
2,120,1.9281554485488566,1.630380238117553,True,50.0,100.0,100.0,0.0084608947305107
2,121,1.9710165374197968,1.808020474219267,True,50.0,100.0,100.0,0.009004701188970949
2,122,1.9507448010129795,1.7683787429505096,True,50.0,100.0,100.0,0.009066120204979794
2,123,1.9559032001574976,1.669637857408798,True,50.0,100.0,100.0,0.008438029897909163
2,124,1.969177350266817,1.562664258804416,True,50.0,100.0,100.0,0.008350666836026276
2,125,1.8816003767785703,1.5999652063645233,True,50.0,100.0,100.0,0.008281746415835114
2,126,1.9602538339920066,1.7273378076529233,True,50.0,100.0,100.0,0.008897912506710497
2,127,1.9986927860719021,1.820685261294058,True,50.0,100.0,100.0,0.009154841212714681
2,128,1.934826934262221,1.7445409591316463,True,50.0,100.0,100.0,0.008969788828596375
2,129,1.9623804489878887,1.692480578001501,True,50.0,100.0,100.0,0.008705431416075682
2,130,1.9204962740114975,1.6325650847940043,True,50.0,100.0,100.0,0.00846785112182918
2,131,1.960585208474264,1.6292248381329137,True,50.0,100.0,100.0,0.00857449317672208
2,132,1.8696750459147367,1.625136907505026,True,50.0,100.0,100.0,0.008325202011932596
2,133,1.9024471942400722,1.5430790756083324,True,50.0,100.0,100.0,0.008084163756877318
2,134,1.950536307929181,1.6960531278759388,True,50.0,100.0,100.0,0.008604147250332457
2,135,1.9518028166370527,1.5447921765185344,True,50.0,100.0,100.0,0.008223589795835401
2,136,1.9903094629146836,1.7267395895208737,True,50.0,100.0,100.0,0.009025334662610868
2,137,1.972937121141026,1.760407166026892,True,50.0,100.0,100.0,0.009064158031509078
2,138,1.8777705520593968,1.691485101982059,True,50.0,100.0,100.0,0.00836918060541567
2,139,1.9346810546368949,1.659542538679841,True,50.0,100.0,100.0,0.008782146184591865
2,140,1.9149785446212708,1.721442665452121,True,50.0,100.0,100.0,0.008896344769094561
2,141,1.9421703019768934,1.749877145324366,True,50.0,100.0,100.0,0.0091820252000389
2,142,1.9561838142770722,1.709616818710316,True,50.0,100.0,100.0,0.008535148963791686
2,143,1.980024299318048,1.6947557932760184,True,50.0,100.0,100.0,0.008530474983858803
2,144,1.9552767013641408,1.695441408978077,True,50.0,100.0,100.0,0.008352852283374724
2,145,1.887376409480615,1.5703023025077922,True,50.0,100.0,100.0,0.008132707135252517
2,146,1.9768847111147896,1.5267820722738046,True,50.0,100.0,100.0,0.00846727464716316
2,147,1.9571882182277514,1.6929028202691683,True,50.0,100.0,100.0,0.008728433811106743
2,148,1.9547844890377462,1.6924854054260465,True,50.0,100.0,100.0,0.00883563297617094
2,149,1.9078995225912805,1.5428644631614319,True,50.0,100.0,100.0,0.008215041252285334
2,150,1.9912690404371438,1.8241927674093439,True,50.0,100.0,100.0,0.008712655285715073
2,151,1.9508833070269755,1.632765647653222,True,50.0,100.0,100.0,0.008402935048334502
2,152,1.9197577262923542,1.5857626656200423,True,50.0,100.0,100.0,0.008366763152558099
2,153,2.02333725247897,1.6719521242223903,True,50.0,100.0,100.0,0.008643240299719343
2,154,1.904306483251564,1.562525664441449,True,50.0,100.0,100.0,0.008475628039983123
2,155,1.8683472897927647,1.6183653036886387,True,50.0,100.0,100.0,0.008222112932775513
2,156,1.9376170436384967,1.7012640604912306,True,50.0,100.0,100.0,0.008787877414562629
2,157,1.9146458951459455,1.6442642160204266,True,50.0,100.0,100.0,0.009022230490337185
2,158,1.9181074836141168,1.5695994976051815,True,50.0,100.0,100.0,0.008412681519655045
2,159,1.923813295667929,1.5303949763972222,True,50.0,100.0,100.0,0.00855332253259795
2,160,2.0022267433626126,1.6339762845767158,True,50.0,100.0,100.0,0.008626931535571465
2,161,1.933264274138267,1.6345564682058078,True,50.0,100.0,100.0,0.008442503069028717
2,162,1.9642960989277303,1.55036251192381,True,50.0,100.0,100.0,0.008204879996546618
2,163,1.9013202888890686,1.649130750626967,True,50.0,100.0,100.0,0.008794014116673217
2,164,1.9814447691089427,1.701087173600078,True,50.0,100.0,100.0,0.008628337764473363
2,165,1.9063076039367186,1.6773036241593124,True,50.0,100.0,100.0,0.008499759284723057
2,166,1.9507286624362852,1.7925446260971942,True,50.0,100.0,100.0,0.008543745007809175
2,167,1.9703487814927452,1.624369387471381,True,50.0,100.0,100.0,0.008382389472132813
2,168,1.9798152413263725,1.6617635565629372,True,50.0,100.0,100.0,0.008895950537398388
2,169,1.9479361093215517,1.574226371547653,True,50.0,100.0,100.0,0.008295170450298513
2,170,1.9773098911875369,1.7028619307801622,True,50.0,100.0,100.0,0.008948482398586146
2,171,1.8845565069932904,1.6876737676055213,True,50.0,100.0,100.0,0.008957402450510275
2,172,1.8327769288478932,1.4960581680392786,True,50.0,100.0,100.0,0.008244066300646532
2,173,1.9959484498190108,1.8064220400610929,True,50.0,100.0,100.0,0.008985595492490391
2,174,1.9192992374747377,1.7641595035295328,True,50.0,100.0,100.0,0.008959205859575915
2,175,1.9276940088052403,1.6747810938380856,True,50.0,100.0,100.0,0.008576809810528593
2,176,1.9723041070820628,1.716057886138449,True,50.0,100.0,100.0,0.008925325029190674
2,177,1.9378039386481567,1.6999224826603423,True,50.0,100.0,100.0,0.009067206393623156
2,178,1.9308606096912981,1.5258757709106898,True,50.0,100.0,100.0,0.008453057443264276
2,179,1.8468683573965603,1.5464622079385753,True,50.0,100.0,100.0,0.008478913699364134
2,180,2.0188172934295414,1.7775112207291097,True,50.0,100.0,100.0,0.00891507597022021
2,181,1.917950762273944,1.7056998164744974,True,50.0,100.0,100.0,0.008655578143057232
2,182,1.935677512553949,1.6879694183090739,True,50.0,100.0,100.0,0.008764516908419225
2,183,1.9693315867161925,1.6448201419442676,True,50.0,100.0,100.0,0.008411612053145555
2,184,1.9523158449141327,1.8073172080923492,True,50.0,100.0,100.0,0.008970180760565646
2,185,1.9477126579872082,1.460395737483492,True,50.0,100.0,100.0,0.00810739363358302
2,186,2.0367558230467324,1.6995376430377036,True,50.0,100.0,100.0,0.008692757354764533
2,187,1.8978452286142122,1.6592399774519078,True,50.0,100.0,100.0,0.008124466602081288
2,188,1.9533670064079114,1.7715043932810701,True,50.0,100.0,100.0,0.008760600616215964
2,189,1.952190144429247,1.7364275655878987,True,50.0,100.0,100.0,0.00894429410363078
2,190,1.9618820411391507,1.7646993100748207,True,50.0,100.0,100.0,0.00911731903488884
2,191,1.9136314691752976,1.7081601635528785,True,50.0,100.0,100.0,0.008354110304130349
2,192,1.9430051653695206,1.6112659713155348,True,50.0,100.0,100.0,0.00854658506908567
2,193,1.9625380736425586,1.6525744159122606,True,50.0,100.0,100.0,0.008479676804826758
2,194,1.9707252505790405,1.807115856897634,True,50.0,100.0,100.0,0.008957652987637569
2,195,1.912580829045881,1.6571412105869274,True,50.0,100.0,100.0,0.008142213677219404
2,196,1.9689022355036692,1.6142949228250099,True,50.0,100.0,100.0,0.008170917878974084
2,197,1.9345719838959643,1.6119530524362335,True,50.0,100.0,100.0,0.008655313925432003
2,198,1.9699204413702192,1.56059194268839,True,50.0,100.0,100.0,0.008277327887700862
2,199,1.923313812886931,1.6994448015390926,True,50.0,100.0,100.0,0.008871387235201178
3,0,2.192829656398801,1.8904705618701183,True,50.0,100.0,100.0,0.009188535398506722
3,1,2.0012838863666937,1.6376533024269218,True,50.0,100.0,100.0,0.008329979291904488
3,2,2.12209415026113,1.7181192497686755,True,50.0,100.0,100.0,0.008830337928189474
3,3,2.202733936046169,1.6871404225322841,True,50.0,100.0,100.0,0.009018550614366667
3,4,2.0420461543496224,1.7303307879763916,True,50.0,100.0,100.0,0.009146550216810835
3,5,2.0829900672032564,1.6963860003867381,True,50.0,100.0,100.0,0.008964923913288608
3,6,1.9765010973185722,1.6548285974225656,True,50.0,100.0,100.0,0.008221198709645553
3,7,2.095554871292907,1.648041979724832,True,50.0,100.0,100.0,0.00905081467152045
3,8,1.9880278553044028,1.6982453226656933,True,50.0,100.0,100.0,0.008028323584098536
3,9,1.9750064907337155,1.8559485429805789,True,50.0,100.0,100.0,0.008772133748126135
3,10,2.0584743091766713,1.647104877046899,True,50.0,100.0,100.0,0.008668270683439033
3,11,2.0536572132229685,1.6170966242190083,True,50.0,100.0,100.0,0.00829636871496766
3,12,1.9270426383939072,1.7573006357997563,True,50.0,100.0,100.0,0.00841480461683949
3,13,2.09312344501827,1.6871921247218267,True,50.0,100.0,100.0,0.008970540946986742
3,14,2.0785251788748056,1.726442830369897,True,50.0,100.0,100.0,0.008745910768438793
3,15,2.1183260367064976,1.7292844595279662,True,50.0,100.0,100.0,0.008630788750378511
3,16,2.0105682773754294,1.6657979053301055,True,50.0,100.0,100.0,0.008098055103483378
3,17,2.0351492152303257,1.7248485038033028,True,50.0,100.0,100.0,0.008513101684642903
3,18,2.134790656984661,1.8175764006453616,True,50.0,100.0,100.0,0.009388160199760185
3,19,1.9287907572900846,1.5885320049863587,True,50.0,100.0,100.0,0.008085131033044722
3,20,2.176485613500289,1.7042258263353578,True,50.0,100.0,100.0,0.008930514607559783
3,21,2.039875181037218,1.740852407246205,True,50.0,100.0,100.0,0.008682651762089145
3,22,1.8707906373466252,1.630713825702453,True,50.0,100.0,100.0,0.008017752053483273
3,23,2.0186013891322014,1.8067415909123845,True,50.0,100.0,100.0,0.008546447526594374
3,24,1.9360011511012207,1.7059309002026375,True,50.0,100.0,100.0,0.008380597189956998
3,25,1.917824125024773,1.7231499826016698,True,50.0,100.0,100.0,0.008463289829479324
3,26,2.046731664417657,1.7821418981516426,True,50.0,100.0,100.0,0.00865405437841818
3,27,2.1308453503332117,1.8633083648556172,True,50.0,100.0,100.0,0.009227407292915298
3,28,2.046208703219488,1.7393669705965213,True,50.0,100.0,100.0,0.00854606772503624
3,29,2.1357829202929994,1.728205660238625,True,50.0,100.0,100.0,0.00916095360412493
3,30,2.1549575789128177,1.7768670097795465,True,50.0,100.0,100.0,0.009067520124717348
3,31,2.1073080765488776,1.8340286483270092,True,50.0,100.0,100.0,0.009000793383547642
3,32,2.0777362215831747,1.9059849002572349,True,50.0,100.0,100.0,0.0089616212958494
3,33,2.0499636499448313,1.8224614840137903,True,50.0,100.0,100.0,0.008954650791347238
3,34,2.106432118322971,1.735921502633984,True,50.0,100.0,100.0,0.00882354901879896
3,35,2.03504607030239,1.6886334700691155,True,50.0,100.0,100.0,0.008303567797889651
3,36,2.051258641388249,1.7053502160227825,True,50.0,100.0,100.0,0.009151746170429298
3,37,2.017553850075914,1.6385255055138965,True,50.0,100.0,100.0,0.008512415146355827
3,38,2.1263515227598835,1.720589877808672,True,50.0,100.0,100.0,0.00889103265428071
3,39,2.056621225497465,1.6824415630550742,True,50.0,100.0,100.0,0.008571843913955851
3,40,2.000981743713079,1.7229484175522405,True,50.0,100.0,100.0,0.008863557912019227
3,41,2.0479316825812477,1.7266585215131207,True,50.0,100.0,100.0,0.009169249714865258
3,42,2.064310158367833,1.661655386519115,True,50.0,100.0,100.0,0.00855386521705746
3,43,2.0117298137539517,1.778098322282343,True,50.0,100.0,100.0,0.008733524546943865
3,44,2.0510408118998065,1.6276685890978893,True,50.0,100.0,100.0,0.008174244979949032
3,45,2.055537961274384,1.6349736877215135,True,50.0,100.0,100.0,0.008418590224652429
3,46,2.136435774775725,1.7403874003435267,True,50.0,100.0,100.0,0.008966098823315706
3,47,2.029734600303309,1.8571969839683,True,50.0,100.0,100.0,0.008433692371561623
3,48,1.9071320543817347,1.6943528128824297,True,50.0,100.0,100.0,0.008818587430508049
3,49,2.097982295886575,1.8497268173461983,True,50.0,100.0,100.0,0.008726809944863526
3,50,2.0065350776850153,1.580190117748829,True,50.0,100.0,100.0,0.008015000571879568
3,51,2.142448017456354,1.7623865282597468,True,50.0,100.0,100.0,0.009020311588747948
3,52,2.069886540092187,1.7425711781626165,True,50.0,100.0,100.0,0.008868244806637681
3,53,2.0197687572235834,1.7425899380155792,True,50.0,100.0,100.0,0.00888300298839238
3,54,1.9905293407057794,1.850252039077817,True,50.0,100.0,100.0,0.00881651431186631
3,55,1.9209133493205086,1.7572870032159458,True,50.0,100.0,100.0,0.008358632841951132
3,56,2.045717481928279,1.6931393531991403,True,50.0,100.0,100.0,0.008618980408849829
3,57,1.9855377681314341,1.5714446338687484,True,50.0,100.0,100.0,0.008214301948065432
3,58,2.023701281095587,1.7564914580729643,True,50.0,100.0,100.0,0.008622055036732877
3,59,1.9470956855384476,1.5564065710562,True,50.0,100.0,100.0,0.008453493785738585
3,60,2.1745317883492064,1.7811623828171832,True,50.0,100.0,100.0,0.009041854372538191
3,61,2.0742067931923507,1.7633223599318921,True,50.0,100.0,100.0,0.008956485508650558
3,62,2.1381548515893547,1.7095392969804606,True,50.0,100.0,100.0,0.008806114341624037
3,63,1.9179385279985062,1.7341230204055602,True,50.0,100.0,100.0,0.008399619843453535
3,64,2.1508125675849326,1.7719190273916585,True,50.0,100.0,100.0,0.0091227461008117
3,65,2.0466246296071753,1.7269576552019703,True,50.0,100.0,100.0,0.009254937735621204
3,66,2.123578744005685,1.7830318736645012,True,50.0,100.0,100.0,0.00909553160142117
3,67,2.051523108621356,1.7332208495337966,True,50.0,100.0,100.0,0.00835431385600753
3,68,2.0310114416519363,1.7937053860457872,True,50.0,100.0,100.0,0.008629599824798984
3,69,2.043703810100415,1.7845501323722537,True,50.0,100.0,100.0,0.008454059888100548
3,70,1.9102748849892728,1.7738793481522515,True,50.0,100.0,100.0,0.008130677252719336
3,71,2.0985157383050494,1.7080036816144464,True,50.0,100.0,100.0,0.008792495434315178
3,72,2.0399955217829744,1.7769689999303542,True,50.0,100.0,100.0,0.00900801828035964
3,73,1.9822721627371103,1.5041312174768642,True,50.0,100.0,100.0,0.008066260262635603
3,74,2.102752186264744,1.7981319469628065,True,50.0,100.0,100.0,0.008781310980210202
3,75,2.0946134334593,1.6194837978759513,True,50.0,100.0,100.0,0.008236591417903975
3,76,2.1165291463257043,1.7927074802476615,True,50.0,100.0,100.0,0.008692661776407316
3,77,1.9301756488893766,1.5700754371467793,True,50.0,100.0,100.0,0.008305051534551498
3,78,2.123408589117143,1.8037162063724224,True,50.0,100.0,100.0,0.008755869808603173
3,79,1.9345652606641104,1.7517725165272857,True,50.0,100.0,100.0,0.008544976068102382
3,80,2.0084459219052393,1.7380271081006893,True,50.0,100.0,100.0,0.00878077150782599
3,81,2.0214795668892185,1.6585855080783722,True,50.0,100.0,100.0,0.008262268978789053
3,82,1.9663943003829096,1.7224062034046983,True,50.0,100.0,100.0,0.008953115422474603
3,83,2.018695384641785,1.6594140340873174,True,50.0,100.0,100.0,0.008470861847337422
3,84,1.9406854164212906,1.5901527614957174,True,50.0,100.0,100.0,0.008134887990230166
3,85,2.0331571609469976,1.7900006183567392,True,50.0,100.0,100.0,0.00836475035487142
3,86,2.020652931129858,1.8653362062406358,True,50.0,100.0,100.0,0.00909829722276576
3,87,2.0203319182820585,1.6102956296401463,True,50.0,100.0,100.0,0.008665001641000982
3,88,2.079164997382194,1.8248629878400515,True,50.0,100.0,100.0,0.009018608117918589
3,89,2.0405417592067474,1.6321894972310722,True,50.0,100.0,100.0,0.008825839068018794
3,90,2.067833339248948,1.8021989725965095,True,50.0,100.0,100.0,0.009193990543955782
3,91,1.943892203142943,1.647701078695182,True,50.0,100.0,100.0,0.008405326641483066
3,92,2.0312147120402977,1.7092343675210238,True,50.0,100.0,100.0,0.008458133277383355
3,93,2.1124386975629474,1.9618301625216457,True,50.0,100.0,100.0,0.008919272971123774
3,94,2.1948091922368453,1.9279199623318024,True,50.0,100.0,100.0,0.00898325793182022
3,95,2.0499611354618925,1.7363985428049022,True,50.0,100.0,100.0,0.008663413335936726
3,96,2.043591744501161,1.6972973061277412,True,50.0,100.0,100.0,0.008568224520514051
3,97,2.154251623119607,1.7553917519317739,True,50.0,100.0,100.0,0.009204437634010704
3,98,2.030827908992997,1.753356827713367,True,50.0,100.0,100.0,0.009017246136308329
3,99,2.1131627952737775,1.680744221949223,True,50.0,100.0,100.0,0.00860012515055895
3,100,2.0500350130212817,1.7032357171699375,True,50.0,100.0,100.0,0.008566598120983131
3,101,1.9861120371038319,1.656189184355015,True,50.0,100.0,100.0,0.008259259922992566
3,102,1.9739910227075719,1.6720782392770346,True,50.0,100.0,100.0,0.008152710994094568
3,103,2.0550016101205317,1.8127633290490426,True,50.0,100.0,100.0,0.009169050185396072
3,104,1.9407830533564088,1.6860286239745552,True,50.0,100.0,100.0,0.00864108183747578
3,105,2.136791588885216,1.8419399797804012,True,50.0,100.0,100.0,0.009223702948805305
3,106,2.111002679374234,1.6969759235927306,True,50.0,100.0,100.0,0.008512698877719839
3,107,2.076017307925219,1.837791058806897,True,50.0,100.0,100.0,0.008861896456061311
3,108,2.0074727531533036,1.733423261619894,True,50.0,100.0,100.0,0.008127925935525408
3,109,2.074608428187483,1.7183450183926632,True,50.0,100.0,100.0,0.00831389191711389
3,110,1.9716529075180085,1.6378951288809833,True,50.0,100.0,100.0,0.008813851351537644
3,111,2.1842659103242856,1.8746009123532705,True,50.0,100.0,100.0,0.009510452215457014
3,112,2.0518667492759777,1.8302647170062183,True,50.0,100.0,100.0,0.008819979213874141
3,113,2.0416569799200093,1.8030463550307307,True,50.0,100.0,100.0,0.008956227912090362
3,114,1.9851163480879646,1.6329203849935539,True,50.0,100.0,100.0,0.008602718557118525
3,115,2.013057184863014,1.6902201344627357,True,50.0,100.0,100.0,0.00880146856176601
3,116,2.164087257564811,1.8757944009011562,True,50.0,100.0,100.0,0.009079700394364834
3,117,2.0333905620170585,1.5927988709258585,True,50.0,100.0,100.0,0.008562061511705493
3,118,2.0683925825011293,1.8548446014444018,True,50.0,100.0,100.0,0.008998263698211186
3,119,2.181329830838996,1.8287846127841276,True,50.0,100.0,100.0,0.009039908956350554
3,120,1.9977636832688908,1.5525348140953081,True,50.0,100.0,100.0,0.008287399772051927
3,121,2.141693465995278,1.603454559593245,True,50.0,100.0,100.0,0.008623120835692376
3,122,1.9712266903211435,1.6341180060399594,True,50.0,100.0,100.0,0.008535870318280415
3,123,2.0772363991098017,1.8521842885877557,True,50.0,100.0,100.0,0.009158862699852041
3,124,2.018385311221206,1.9465414854828054,True,50.0,100.0,100.0,0.009361390292737477
3,125,1.9645356348992045,1.6727709148093521,True,50.0,100.0,100.0,0.008598933256635124
3,126,1.9571424519058893,1.7105848944416047,True,50.0,100.0,100.0,0.008374390198726756
3,127,1.9680633443663136,1.658811135558281,True,50.0,100.0,100.0,0.00836211165485528
3,128,1.9709545131296218,1.702656172871879,True,50.0,100.0,100.0,0.009014960987448391
3,129,1.9518426892283043,1.7179374274507762,True,50.0,100.0,100.0,0.008369948189585672
3,130,2.1926874079530068,1.73016385874397,True,50.0,100.0,100.0,0.009367207949738186
3,131,2.0079769484410113,1.9286506643527332,True,50.0,100.0,100.0,0.00937030977730793
3,132,2.1161987656893615,1.7084427818581056,True,50.0,100.0,100.0,0.008402222806995454
3,133,2.152893791726556,1.8806384022344864,True,50.0,100.0,100.0,0.009017702216915658
3,134,2.0340050245001704,1.714962381666774,True,50.0,100.0,100.0,0.008549230843341176
3,135,1.9941942515982656,1.67912138783364,True,50.0,100.0,100.0,0.008397321565901537
3,136,1.9624006508814635,1.543790345192098,True,50.0,100.0,100.0,0.008326908940703261
3,137,1.9846289945880273,1.6170402146343186,True,50.0,100.0,100.0,0.008390308837023807
3,138,2.0387081945013543,1.7755785416798129,True,50.0,100.0,100.0,0.008571756883511934
3,139,1.995931687205235,1.8927391413757046,True,50.0,100.0,100.0,0.00901609067926307
3,140,2.041899697664541,1.895303306580138,True,50.0,100.0,100.0,0.009236677712996128
3,141,2.0297987615525104,1.8159320254137097,True,50.0,100.0,100.0,0.008976111562822272
3,142,2.100203063525919,1.7667851520947486,True,50.0,100.0,100.0,0.009182173785303914
3,143,2.068437111667922,1.7742406434025704,True,50.0,100.0,100.0,0.009042250669148665
3,144,1.9689200440212509,1.6520310316561528,True,50.0,100.0,100.0,0.00824600246814144
3,145,2.0446415894733048,1.6589507776261339,True,50.0,100.0,100.0,0.008531797988289534
3,146,2.1448732975570586,1.757075949899452,True,50.0,100.0,100.0,0.008821063691770697
3,147,1.9403021490534094,1.6381567544388642,True,50.0,100.0,100.0,0.008084735294649006
3,148,1.9208184567822904,1.7356241066932108,True,50.0,100.0,100.0,0.008440381721238599
3,149,2.205433153652616,1.7314554655197227,True,50.0,100.0,100.0,0.008919090292630117
3,150,2.107018147555295,1.796352589894624,True,50.0,100.0,100.0,0.008990165456661443
3,151,1.977656883736395,1.7462244435149905,True,50.0,100.0,100.0,0.008773525053116286
3,152,2.042642306997407,1.649341910138117,True,50.0,100.0,100.0,0.008442107234656854
3,153,2.092853311981276,1.762714728063488,True,50.0,100.0,100.0,0.008465473656644615
3,154,2.0887919762170517,1.7745930098635365,True,50.0,100.0,100.0,0.008828921213519738
3,155,1.9247777933108114,1.6471106582817279,True,50.0,100.0,100.0,0.008530002054430713
3,156,1.997561260909249,1.731746567580938,True,50.0,100.0,100.0,0.008898382594292611
3,157,2.035169946908817,1.7944649913190467,True,50.0,100.0,100.0,0.008977013669784475
3,158,2.0631187182981607,1.8715712456754823,True,50.0,100.0,100.0,0.008870979398142954
3,159,1.992095791560842,1.686672098621567,True,50.0,100.0,100.0,0.008826702623048039
3,160,2.0782830894767885,1.6510363542459516,True,50.0,100.0,100.0,0.008373512276538944
3,161,1.9644399336207623,1.6424698978273937,True,50.0,100.0,100.0,0.008243737391120998
3,162,2.0872340844748365,1.7986747637831708,True,50.0,100.0,100.0,0.00899856787162796
3,163,1.9905109849738203,1.6469743795720064,True,50.0,100.0,100.0,0.008023485765437575
3,164,1.972706544518471,1.7050692223160986,True,50.0,100.0,100.0,0.008526285229308112
3,165,1.977419415031111,1.6632397076218037,True,50.0,100.0,100.0,0.008422542227585546
3,166,2.15933362174257,1.943382912235505,True,50.0,100.0,100.0,0.00936197640113971
3,167,1.9321118113719524,1.6888186222017416,True,50.0,100.0,100.0,0.00855472020208352
3,168,2.1393931865952456,1.8680457379809283,True,50.0,100.0,100.0,0.009035204629615625
3,169,2.14802686426131,1.8644860682808144,True,50.0,100.0,100.0,0.009095877370226723
3,170,2.002448882246685,1.699491520756785,True,50.0,100.0,100.0,0.008785011927197326
3,171,2.0451601806458966,1.757561559289984,True,50.0,100.0,100.0,0.008679016227416224
3,172,2.020218208206652,1.7107472859293924,True,50.0,100.0,100.0,0.008383499275436652
3,173,2.0656878038828763,1.5581999916781668,True,50.0,100.0,100.0,0.008281975985380906
3,174,2.032459298122709,1.771496501226452,True,50.0,100.0,100.0,0.00881335426718304
3,175,2.1020894592009496,1.7254228734357373,True,50.0,100.0,100.0,0.009246813076161363
3,176,2.1904215395236415,1.848916418630798,True,50.0,100.0,100.0,0.009114656619611328
3,177,2.198001190128844,1.7671798650323016,True,50.0,100.0,100.0,0.008957756691900737
3,178,1.9998370120821605,1.7666356139060764,True,50.0,100.0,100.0,0.008796829431778917
3,179,2.0574708119465432,1.6460304376498187,True,50.0,100.0,100.0,0.008577004117210614
3,180,2.157419065440677,1.8855928328974887,True,50.0,100.0,100.0,0.00931217288806355
3,181,2.0271255627454536,1.7637549845544214,True,50.0,100.0,100.0,0.008717491547625716
3,182,2.1349912784075977,1.7189740957275823,True,50.0,100.0,100.0,0.008758509444683833
3,183,1.9054519964617953,1.7640964243264101,True,50.0,100.0,100.0,0.008691529978186107
3,184,1.9997408883372736,1.7339779671198623,True,50.0,100.0,100.0,0.008515778372063366
3,185,1.9646618201456836,1.6230013386030504,True,50.0,100.0,100.0,0.008086424660248673
3,186,2.001142344875947,1.717273578618565,True,50.0,100.0,100.0,0.008778824384111272
3,187,2.1382844232319744,1.755834789365052,True,50.0,100.0,100.0,0.008753651468957083
3,188,2.0419073764077784,1.8630373410508176,True,50.0,100.0,100.0,0.008837221029913652
3,189,2.0382979817985047,1.8325489024005486,True,50.0,100.0,100.0,0.008652343720389657
3,190,1.928920642759564,1.7591394304304266,True,50.0,100.0,100.0,0.008441310238794523
3,191,2.0389307549616147,1.850770436555387,True,50.0,100.0,100.0,0.008550505697963357
3,192,2.117940252836843,1.8016667458823477,True,50.0,100.0,100.0,0.0085885466364649
3,193,2.0784982138645853,1.7798002175926655,True,50.0,100.0,100.0,0.008562102720436187
3,194,1.9348418808154304,1.6208359804620287,True,50.0,100.0,100.0,0.008125237499350669
3,195,1.9935456035017907,1.7512637780423936,True,50.0,100.0,100.0,0.008668200667685965
3,196,2.154613014740275,1.7728489165471975,True,50.0,100.0,100.0,0.00873252793076155
3,197,1.9754571027043124,1.795172975288723,True,50.0,100.0,100.0,0.008277525313305532
3,198,2.0634338187186323,1.8267879361483144,True,50.0,100.0,100.0,0.008478089883195193
3,199,2.041648234407937,1.7226394125497397,True,50.0,100.0,100.0,0.008325964741170633
4,0,2.1111573921979647,1.496354684110946,True,50.0,100.0,100.0,0.008141055458200852
4,1,2.1099966593473383,1.7293313227055236,True,50.0,100.0,100.0,0.008602943612463427
4,2,2.1779649263674123,1.6631856996530618,True,50.0,100.0,100.0,0.008736119523340281
4,3,2.1909986375535717,1.6971638334036072,True,50.0,100.0,100.0,0.00881130063319052
4,4,2.168249624851074,1.7057993891857137,True,50.0,100.0,100.0,0.008579225433207657
4,5,2.0665507305213096,1.6337593494964981,True,50.0,100.0,100.0,0.00873148497853415
4,6,2.1819953172442426,1.861968481295646,True,50.0,100.0,100.0,0.009073682648173154
4,7,2.0949021085911426,1.7243251929769783,True,50.0,100.0,100.0,0.008735596500022832
4,8,2.0492571312193495,1.7898668242989992,True,50.0,100.0,100.0,0.008493542579818854
4,9,2.1975389338296956,1.6694772037444963,True,50.0,100.0,100.0,0.008388825964236887
4,10,2.1542777914833233,1.7492265755035894,True,50.0,100.0,100.0,0.008558600347349905
4,11,2.1053770422415043,1.6204909589044942,True,50.0,100.0,100.0,0.008438016320979786
4,12,2.2741560590729124,1.8080644970777822,True,50.0,100.0,100.0,0.009122485917334474
4,13,1.9870630046969147,1.640860865135528,True,50.0,100.0,100.0,0.008553585312395853
4,14,2.0499595072284125,1.8439317336887762,True,50.0,100.0,100.0,0.008404458268066317
4,15,2.085295117876367,1.6758569078828027,True,50.0,100.0,100.0,0.00874213506421023
4,16,2.1229506180387334,1.7209062536688635,True,50.0,100.0,100.0,0.009034692707350293
4,17,2.234423314839834,1.8617912659898415,True,50.0,100.0,100.0,0.009281821060632005
4,18,2.1078682075118254,1.5919488911008681,True,50.0,100.0,100.0,0.008588521021086247
4,19,2.117579958786158,1.714637869003925,True,50.0,100.0,100.0,0.008646361303860541
4,20,2.106856658361488,1.7035061148916935,True,50.0,100.0,100.0,0.008772158225749175
4,21,2.1930634008508285,1.754301755801664,True,50.0,100.0,100.0,0.008415933245177443
4,22,2.051315341722656,1.6529984252357834,True,50.0,100.0,100.0,0.008490587349064636
4,23,2.121580034987388,1.638587659353319,True,50.0,100.0,100.0,0.008761912593408765
4,24,2.1782585786588875,1.7087073636778842,True,50.0,100.0,100.0,0.008641539942867656
4,25,2.181621281455709,1.6786654338575189,True,50.0,100.0,100.0,0.00875017240427246
4,26,2.1342513910577687,1.7003193533446397,True,50.0,100.0,100.0,0.008810267764070248
4,27,2.141108901530206,1.6752741999428458,True,50.0,100.0,100.0,0.00860165311117352
4,28,2.112980847407879,1.6993205910861946,True,50.0,100.0,100.0,0.008355679978277146
4,29,1.9998276763376666,1.7910236882163058,True,50.0,100.0,100.0,0.008642538566084629
4,30,2.0844915060483746,1.6800902923804741,True,50.0,100.0,100.0,0.008432385889559996
4,31,2.021688979220753,1.6879355464452725,True,50.0,100.0,100.0,0.008683950830913702
4,32,2.002077346169619,1.8045768780293678,True,50.0,100.0,100.0,0.008728504003525138
4,33,2.148751730454742,1.7020458975509947,True,50.0,100.0,100.0,0.008455969098744843
4,34,2.034316607670193,1.6901468707058906,True,50.0,100.0,100.0,0.008454355949041044
4,35,2.1455209316454766,1.7125231538590473,True,50.0,100.0,100.0,0.008876076842786162
4,36,2.1830916857512537,1.7455709564139048,True,50.0,100.0,100.0,0.008890453065910199
4,37,2.030121743656131,1.5109035873703867,True,50.0,100.0,100.0,0.008313449103967016
4,38,2.06435718093371,1.747250193975648,True,50.0,100.0,100.0,0.008432958828323373
4,39,2.066030918965491,1.7142705358370876,True,50.0,100.0,100.0,0.008507513539935584
4,40,2.0951390165122037,1.8007729954862886,True,50.0,100.0,100.0,0.008597202774810356
4,41,1.9879847787620328,1.6950871645550432,True,50.0,100.0,100.0,0.008351391091771248
4,42,2.141262491901585,1.6424288170687462,True,50.0,100.0,100.0,0.008722727313974743
4,43,2.248269152817975,1.728843977877243,True,50.0,100.0,100.0,0.009085547451636864
4,44,2.211854635738365,1.7893037343020197,True,50.0,100.0,100.0,0.008713666947588839
4,45,2.1941189460127597,1.7642115450839273,True,50.0,100.0,100.0,0.009107917395956889
4,46,2.120642827559519,1.706215540352143,True,50.0,100.0,100.0,0.008361153009032304
4,47,2.04733398249678,1.588719646881688,True,50.0,100.0,100.0,0.008425972663090076
4,48,2.10965526165373,1.8810400969410304,True,50.0,100.0,100.0,0.008954482280945109
4,49,2.126070586548849,1.6529034749996747,True,50.0,100.0,100.0,0.008777762912402762
4,50,2.179778365909814,1.6996258105044,True,50.0,100.0,100.0,0.008761881181591272
4,51,2.06634983431372,1.72525309528477,True,50.0,100.0,100.0,0.008619158321734955
4,52,2.218974013695083,1.847605736416223,True,50.0,100.0,100.0,0.00945034085415149
4,53,2.152475785061684,1.716875572705722,True,50.0,100.0,100.0,0.00907490848130905
4,54,2.120512974086423,1.6766901457105416,True,50.0,100.0,100.0,0.008199016136630422
4,55,2.1786255813190905,1.8073899313733854,True,50.0,100.0,100.0,0.008577176622009667
4,56,2.154486813847746,1.6958840393650942,True,50.0,100.0,100.0,0.008800540121182242
4,57,2.2136143261320207,1.8494490453626704,True,50.0,100.0,100.0,0.009305990541333572
4,58,2.027866638675908,1.8358386274200367,True,50.0,100.0,100.0,0.008628170836839205
4,59,2.1079612193464756,1.9017370461134107,True,50.0,100.0,100.0,0.009113488745277286
4,60,2.0588436634165115,1.753680762082291,True,50.0,100.0,100.0,0.008669019842397038
4,61,2.0938397530356143,1.7858839580350743,True,50.0,100.0,100.0,0.008734420851265922
4,62,2.107541371634991,1.7991762453940645,True,50.0,100.0,100.0,0.008636889775118763
4,63,2.0727284676903013,1.5995390266444152,True,50.0,100.0,100.0,0.008188460014390584
4,64,2.1299764979869,1.8416409734393793,True,50.0,100.0,100.0,0.00884885624799397
4,65,2.060238873945524,1.7170712356138953,True,50.0,100.0,100.0,0.008406908141361701
4,66,2.1467132906899873,1.6217589724088994,True,50.0,100.0,100.0,0.008917716106753232
4,67,2.0989865666477985,1.843943355999643,True,50.0,100.0,100.0,0.008937807945840403
4,68,2.1699814993711883,1.7286615089114297,True,50.0,100.0,100.0,0.008756170352366446
4,69,2.0885584067561282,1.6615340483727004,True,50.0,100.0,100.0,0.008376288324850604
4,70,2.1609378686429412,1.698162980156307,True,50.0,100.0,100.0,0.008358986349795832
4,71,2.167722547664841,1.6779569736517241,True,50.0,100.0,100.0,0.008895900841133198
4,72,2.2104429839295983,1.7478078105702515,True,50.0,100.0,100.0,0.009095585719784223
4,73,2.0260953088537703,1.658403937442187,True,50.0,100.0,100.0,0.00843082953189456
4,74,2.0813237754113993,1.6556745472952605,True,50.0,100.0,100.0,0.008696213877491848
4,75,2.3093450552534707,1.7269256986719923,True,50.0,100.0,100.0,0.009094230040698786
4,76,2.0642021965896657,1.7336756765065604,True,50.0,100.0,100.0,0.00864251588658527
4,77,2.2006951243701733,1.7651381299377629,True,50.0,100.0,100.0,0.008774009979944934
4,78,2.074313039747889,1.746796436588993,True,50.0,100.0,100.0,0.008748048727069906
4,79,2.1376757674544464,1.900263901282654,True,50.0,100.0,100.0,0.0088747327211488
4,80,2.1041168767908713,1.6225188893916536,True,50.0,100.0,100.0,0.008611041907581708
4,81,2.163859848608969,1.6656785851378828,True,50.0,100.0,100.0,0.00880256811150169
4,82,2.219256510821719,1.7192538087600397,True,50.0,100.0,100.0,0.008704188480558872
4,83,2.1926783331233404,1.7833701478506423,True,50.0,100.0,100.0,0.008823189664454296
4,84,2.164494682635386,1.6317138007896488,True,50.0,100.0,100.0,0.008677657465772454
4,85,2.0430327862585322,1.6435988935218853,True,50.0,100.0,100.0,0.0088954776246952
4,86,2.1205921444112983,1.745646403218275,True,50.0,100.0,100.0,0.008564203936448495
4,87,2.1757326777214976,1.7250114596532697,True,50.0,100.0,100.0,0.008770088821658393
4,88,2.1984332664688715,1.6434904370408685,True,50.0,100.0,100.0,0.008811132485874281
4,89,2.232344119439838,1.8472070576141864,True,50.0,100.0,100.0,0.009113228075157192
4,90,2.067642957915177,1.5621295896929293,True,50.0,100.0,100.0,0.008010896662379616
4,91,2.2016436035638347,1.7410688547071707,True,50.0,100.0,100.0,0.008826980925829897
4,92,2.1986182816111537,1.8361091034403991,True,50.0,100.0,100.0,0.009178645834623711
4,93,2.211176319505984,1.733034211650477,True,50.0,100.0,100.0,0.009002518987236773
4,94,2.092126765832143,1.6647370030379272,True,50.0,100.0,100.0,0.008675887113639418
4,95,2.206458047290219,1.9045915377017386,True,50.0,100.0,100.0,0.009152281083460438
4,96,2.117491380113447,1.7065182287042358,True,50.0,100.0,100.0,0.008564122215483527
4,97,2.0636542296728244,1.6566270814673731,True,50.0,100.0,100.0,0.00880520231810248
4,98,2.064691132985142,1.7457297183746516,True,50.0,100.0,100.0,0.008403421980652965
4,99,2.0533021524749717,1.5567320488726826,True,50.0,100.0,100.0,0.008305047912133979
4,100,2.1161513119838697,1.6876246256199985,True,50.0,100.0,100.0,0.008741429041764514
4,101,2.0743886121052846,1.8103912806447913,True,50.0,100.0,100.0,0.008811205153969494
4,102,2.1701589499905816,1.7995238630414918,True,50.0,100.0,100.0,0.008985077365390089
4,103,2.2049485610540356,1.7326379107133387,True,50.0,100.0,100.0,0.008811181928213958
4,104,2.025228783031623,1.6454391723136108,True,50.0,100.0,100.0,0.008563521119130234
4,105,2.1956397459114614,1.7017183569787164,True,50.0,100.0,100.0,0.00867211387703041
4,106,2.233914799061902,1.761475761942257,True,50.0,100.0,100.0,0.00901904181081461
4,107,2.1234513475811787,1.5958415981187346,True,50.0,100.0,100.0,0.008261094281300205
4,108,2.0434030364341043,1.6757581898941534,True,50.0,100.0,100.0,0.00852533350485488
4,109,2.243601413713146,1.6691425586491841,True,50.0,100.0,100.0,0.00890322476582828
4,110,2.0135294331352007,1.5159184458168695,True,50.0,100.0,100.0,0.00826342393407428
4,111,2.1914257801055435,1.719902391393994,True,50.0,100.0,100.0,0.008871471267477244
4,112,2.133549635766505,1.7045352049752736,True,50.0,100.0,100.0,0.00865915328202466
4,113,2.113108426006473,1.7562675820700544,True,50.0,100.0,100.0,0.009007750464604048
4,114,2.106489958688603,1.7293288733729313,True,50.0,100.0,100.0,0.008815897538763636
4,115,2.2136891003332777,1.7909679547871793,True,50.0,100.0,100.0,0.008796713971451733
4,116,2.1961851627814135,1.8469288662402938,True,50.0,100.0,100.0,0.00901927670536962
4,117,2.068072676092136,1.5595948386871334,True,50.0,100.0,100.0,0.00832686159352564
4,118,2.0684680246986913,1.588179990792578,True,50.0,100.0,100.0,0.008634265199085705
4,119,2.214784388884742,1.694949111746561,True,50.0,100.0,100.0,0.009042450032397653
4,120,2.2147560661463253,1.6854135247846755,True,50.0,100.0,100.0,0.008922678189709826
4,121,2.087030591115732,1.5908185639156938,True,50.0,100.0,100.0,0.008569238762595082
4,122,2.057322212151333,1.6887733082396896,True,50.0,100.0,100.0,0.008212299174012564
4,123,2.1156618305570483,1.791393349587673,True,50.0,100.0,100.0,0.008465454691161502
4,124,2.2296050734107538,1.7451256136838065,True,50.0,100.0,100.0,0.00924534449647802
4,125,2.069708663226182,1.684770938702955,True,50.0,100.0,100.0,0.008178038213204435
4,126,2.237985022167097,1.825922237910527,True,50.0,100.0,100.0,0.008674235136096265
4,127,2.1666969623221313,1.8354629192567564,True,50.0,100.0,100.0,0.008680483152678043
4,128,2.0770906283291777,1.7984137931979682,True,50.0,100.0,100.0,0.008706590956236136
4,129,2.1571672840837346,1.6483499257517404,True,50.0,100.0,100.0,0.008554894603054442
4,130,2.1464401960095367,1.6651471671934046,True,50.0,100.0,100.0,0.008936005007755042
4,131,2.2340349878159413,1.6231461576356812,True,50.0,100.0,100.0,0.008614240344433461
4,132,2.06523813605608,1.6474753826812325,True,50.0,100.0,100.0,0.008386686883550203
4,133,2.0586932650392757,1.7560700788870434,True,50.0,100.0,100.0,0.008896660864881126
4,134,2.1460615821796036,1.763736182978393,True,50.0,100.0,100.0,0.009133677436484463
4,135,2.026221357859174,1.6423681055586639,True,50.0,100.0,100.0,0.008567215775624994
4,136,2.1474102443882273,1.7235082766855636,True,50.0,100.0,100.0,0.008695533620540657
4,137,2.117812642587844,1.6468528341672353,True,50.0,100.0,100.0,0.008911389645970264
4,138,2.132992352412899,1.753977708619857,True,50.0,100.0,100.0,0.008732004538869482
4,139,2.131235083934482,1.7277567415048942,True,50.0,100.0,100.0,0.008308659299794335
4,140,2.0875475769067675,1.671018198185753,True,50.0,100.0,100.0,0.008680542010688588
4,141,2.0961099024673238,1.7950210265997448,True,50.0,100.0,100.0,0.008425472626196069
4,142,1.969951109983882,1.6461874651041246,True,50.0,100.0,100.0,0.008267521376155482
4,143,2.231170595493291,1.7685868450653266,True,50.0,100.0,100.0,0.008399003178380961
4,144,2.167035254053393,1.6935374087493948,True,50.0,100.0,100.0,0.00894411715296924
4,145,2.2896061088456214,1.797362090793079,True,50.0,100.0,100.0,0.008669833283158464
4,146,2.136372355585614,1.607022435437441,True,50.0,100.0,100.0,0.008456294423173404
4,147,2.105488711703141,1.7483898909632447,True,50.0,100.0,100.0,0.00882354037042337
4,148,2.162008735154288,1.732164715360422,True,50.0,100.0,100.0,0.008862755006133167
4,149,1.985880746284946,1.7052760871301431,True,50.0,100.0,100.0,0.008683683493579019
4,150,2.1228458862678883,1.797754436705258,True,50.0,100.0,100.0,0.008784681659489937
4,151,2.084172264747171,1.5939889620157857,True,50.0,100.0,100.0,0.008361571556340954
4,152,2.1395474678270983,1.8433708176665633,True,50.0,100.0,100.0,0.009121264378618855
4,153,2.081374630939118,1.6968519053966482,True,50.0,100.0,100.0,0.00884698506807238
4,154,2.3072573002407406,1.872031408620768,True,50.0,100.0,100.0,0.00874348871110824
4,155,2.1172486494431353,1.7786061610518957,True,50.0,100.0,100.0,0.008308468934785589
4,156,2.255036976624451,1.8215566394662113,True,50.0,100.0,100.0,0.00917163872534767
4,157,2.028553864863645,1.7874775217569483,True,50.0,100.0,100.0,0.008549550896025363
4,158,2.181894301888649,1.7302082754425516,True,50.0,100.0,100.0,0.008790989878663303
4,159,2.0472758099715698,1.7087075335945339,True,50.0,100.0,100.0,0.008892328204917584
4,160,2.096776857290295,1.7743474949830371,True,50.0,100.0,100.0,0.008496140798337768
4,161,2.115621631852484,1.7499529094075807,True,50.0,100.0,100.0,0.008743083790212342
4,162,2.036292214769099,1.8252653633839322,True,50.0,100.0,100.0,0.008805483058787767
4,163,2.145351282273256,1.706759372956757,True,50.0,100.0,100.0,0.008715947323857326
4,164,2.2087762563345774,1.5227208346671466,True,50.0,100.0,100.0,0.00858968754596911
4,165,2.1989251896423703,1.637814190811459,True,50.0,100.0,100.0,0.00872196148946521
4,166,2.168500726618285,1.5961661543369063,True,50.0,100.0,100.0,0.008721676700728188
4,167,2.038962590618282,1.5935372798429799,True,50.0,100.0,100.0,0.008513338384623623
4,168,2.1148083352065505,1.6965565476865048,True,50.0,100.0,100.0,0.00805503189244899
4,169,2.178429317736034,1.704607454514834,True,50.0,100.0,100.0,0.008486815985408108
4,170,1.991672341534402,1.7014539162053754,True,50.0,100.0,100.0,0.008500666258737613
4,171,2.161144421332266,1.5447089661366684,True,50.0,100.0,100.0,0.008565895201542757
4,172,2.1384048081685534,1.621617693701437,True,50.0,100.0,100.0,0.008628029664053221
4,173,2.1661453552917758,1.72860708768379,True,50.0,100.0,100.0,0.008849396376154617
4,174,2.150281741062467,1.671003611752035,True,50.0,100.0,100.0,0.008495016791253782
4,175,2.09995616287811,1.6819553741804185,True,50.0,100.0,100.0,0.008624411005438981
4,176,2.094088058183061,1.722474013343169,True,50.0,100.0,100.0,0.00868224173780088
4,177,2.130993156272684,1.7469946090010164,True,50.0,100.0,100.0,0.00917027682812473
4,178,2.1563966873413483,1.7285604578961666,True,50.0,100.0,100.0,0.008753391123554184
4,179,2.2652709025002533,1.652298813755862,True,50.0,100.0,100.0,0.00882052635355241
4,180,2.1678164953876182,1.7407125011824056,True,50.0,100.0,100.0,0.008628846216183643
4,181,2.139539431088027,1.8139873582123998,True,50.0,100.0,100.0,0.00886380503035796
4,182,2.127370171615652,1.6103048039778884,True,50.0,100.0,100.0,0.00814436892294727
4,183,2.1027614049188825,1.6896468526352009,True,50.0,100.0,100.0,0.00837748060868062
4,184,2.037029726223495,1.7333439772964776,True,50.0,100.0,100.0,0.008674698442327367
4,185,2.107597882476144,1.6483372781187833,True,50.0,100.0,100.0,0.008301227202929676
4,186,2.019481490637823,1.5610945723461114,True,50.0,100.0,100.0,0.008241726052690862
4,187,2.06769223286014,1.7071523108280178,True,50.0,100.0,100.0,0.008606734877218341
4,188,2.056091315599411,1.6377723181855834,True,50.0,100.0,100.0,0.008769123523618255
4,189,2.167979839264018,1.921970755386981,True,50.0,100.0,100.0,0.00949035565528009
4,190,2.2117928457638647,1.663344379640582,True,50.0,100.0,100.0,0.008600378831115345
4,191,2.0476509597500225,1.6053878165493791,True,50.0,100.0,100.0,0.008053906275627794
4,192,2.0362110481959723,1.7262376169547635,True,50.0,100.0,100.0,0.008778782787555594
4,193,2.173082531093731,1.8902256943912978,True,50.0,100.0,100.0,0.009295878626791324
4,194,2.2469433996396053,1.7735936072974923,True,50.0,100.0,100.0,0.008571812837435787
4,195,2.076840976964395,1.7944662248404246,True,50.0,100.0,100.0,0.008889240123374031
4,196,2.094503735890277,1.7980884531457115,True,50.0,100.0,100.0,0.008892164444094441
4,197,2.1533641659122478,1.927434438573853,True,50.0,100.0,100.0,0.009544008883239745
4,198,2.0289411352594664,1.672934270839161,True,50.0,100.0,100.0,0.008284824127879908
4,199,2.1673801733384503,1.6210680574651302,True,50.0,100.0,100.0,0.008838408653514747
