Asset,Filter,N,Median OOS PF,Mean OOS PF,% OOS PF>1,Median OOS Sharpe
BTC,MDD all,758588,0.8288,1.1069,31.76,-0.0826
BTC,MDD ≥ p50,394273,0.827,1.1052,31.61,-0.0835
BTC,MDD ≥ p75,202089,0.8265,1.0645,31.46,-0.0837
BTC,MDD ≥ p90,82510,0.8245,1.0395,31.33,-0.0846
BTC,MDD < p50,364315,0.8307,1.1087,31.93,-0.0817
BTC,Calmar all,758588,0.8288,1.1069,31.76,-0.0826
BTC,Calmar ≥ p50,386398,0.8295,1.099,31.82,-0.0823
BTC,Calmar ≥ p75,196181,0.8313,1.0787,31.98,-0.0813
BTC,Calmar ≥ p90,79672,0.8311,1.0735,32.06,-0.0813
BTC,Calmar < p50,372190,0.828,1.115,31.7,-0.0829
BTC,Ulcer all,758588,0.8288,1.1069,31.76,-0.0826
BTC,Ulcer ≥ p50,388470,0.8273,1.1125,31.63,-0.0834
BTC,Ulcer ≥ p75,197936,0.8265,1.1001,31.5,-0.0839
BTC,Ulcer ≥ p90,80769,0.826,1.1346,31.41,-0.0843
BTC,Ulcer < p50,370118,0.8303,1.101,31.9,-0.0818
BTC,ROI* all,758588,0.8288,1.1069,31.76,-0.0826
BTC,ROI* ≥ p50,273000,0.8248,1.0119,30.52,-0.0843
BTC,ROI* ≥ p75,121368,0.8259,0.9925,30.46,-0.0837
BTC,ROI* ≥ p90,44889,0.8264,0.9988,30.66,-0.0835
BTC,ROI* < p50,485588,0.8309,1.1603,32.46,-0.0817
DOGE,MDD all,637308,0.8739,1.1158,35.85,-0.0608
DOGE,MDD ≥ p50,319752,0.8746,1.1138,35.93,-0.0605
DOGE,MDD ≥ p75,160336,0.8758,1.0984,36.02,-0.0601
DOGE,MDD ≥ p90,63530,0.8775,1.0904,36.22,-0.0594
DOGE,MDD < p50,317556,0.873,1.1179,35.77,-0.0611
DOGE,Calmar all,637308,0.8739,1.1158,35.85,-0.0608
DOGE,Calmar ≥ p50,320885,0.8755,1.1104,35.97,-0.06
DOGE,Calmar ≥ p75,161765,0.8767,1.1038,36.13,-0.0595
DOGE,Calmar ≥ p90,65280,0.8774,1.0913,35.98,-0.0593
DOGE,Calmar < p50,316423,0.8723,1.1214,35.72,-0.0616
DOGE,Ulcer all,637308,0.8739,1.1158,35.85,-0.0608
DOGE,Ulcer ≥ p50,318087,0.8753,1.1172,36.06,-0.0602
DOGE,Ulcer ≥ p75,159306,0.8761,1.1143,36.21,-0.0599
DOGE,Ulcer ≥ p90,63958,0.8761,1.1145,36.22,-0.0598
DOGE,Ulcer < p50,319221,0.8725,1.1144,35.63,-0.0614
DOGE,ROI* all,637308,0.8739,1.1158,35.85,-0.0608
DOGE,ROI* ≥ p50,229827,0.8732,1.0492,34.93,-0.0612
DOGE,ROI* ≥ p75,102437,0.8718,1.0305,34.52,-0.062
DOGE,ROI* ≥ p90,37709,0.8712,1.029,34.47,-0.0624
DOGE,ROI* < p50,407481,0.8743,1.1534,36.36,-0.0606
BNB,MDD all,935238,0.7876,1.036,28.42,-0.1017
BNB,MDD ≥ p50,472673,0.7861,1.0458,28.29,-0.1027
BNB,MDD ≥ p75,236776,0.7857,1.0718,28.3,-0.103
BNB,MDD ≥ p90,94541,0.7849,1.1111,28.14,-0.1034
BNB,MDD < p50,462565,0.7893,1.0259,28.56,-0.1006
BNB,Calmar all,935238,0.7876,1.036,28.42,-0.1017
BNB,Calmar ≥ p50,467240,0.7872,1.0425,28.29,-0.102
BNB,Calmar ≥ p75,234668,0.7888,1.0715,28.39,-0.1011
BNB,Calmar ≥ p90,94731,0.7882,1.0872,28.26,-0.1013
BNB,Calmar < p50,467998,0.7881,1.0294,28.55,-0.1014
BNB,Ulcer all,935238,0.7876,1.036,28.42,-0.1017
BNB,Ulcer ≥ p50,467302,0.7863,1.0496,28.33,-0.1026
BNB,Ulcer ≥ p75,233346,0.7865,1.0739,28.34,-0.1027
BNB,Ulcer ≥ p90,93103,0.7854,1.1185,28.4,-0.1034
BNB,Ulcer < p50,467936,0.789,1.0223,28.52,-0.1008
BNB,ROI* all,935238,0.7876,1.036,28.42,-0.1017
BNB,ROI* ≥ p50,335772,0.7835,0.9645,27.02,-0.1035
BNB,ROI* ≥ p75,149615,0.7838,0.9499,26.76,-0.103
BNB,ROI* ≥ p90,55854,0.7851,0.9473,26.81,-0.1022
BNB,ROI* < p50,599466,0.79,1.076,29.21,-0.1005
SOL,MDD all,216031,0.9104,1.4789,39.34,-0.0457
SOL,MDD ≥ p50,108746,0.9108,1.3817,39.34,-0.0455
SOL,MDD ≥ p75,55195,0.9107,1.4,39.34,-0.0456
SOL,MDD ≥ p90,22368,0.911,1.365,39.05,-0.0454
SOL,MDD < p50,107285,0.91,1.5774,39.34,-0.046
SOL,Calmar all,216031,0.9104,1.4789,39.34,-0.0457
SOL,Calmar ≥ p50,109632,0.9102,1.4172,39.31,-0.0459
SOL,Calmar ≥ p75,55879,0.9108,1.4209,39.35,-0.0454
SOL,Calmar ≥ p90,22837,0.9115,1.4181,39.03,-0.0451
SOL,Calmar < p50,106399,0.9107,1.5425,39.37,-0.0455
SOL,Ulcer all,216031,0.9104,1.4789,39.34,-0.0457
SOL,Ulcer ≥ p50,110008,0.9107,1.4364,39.38,-0.0455
SOL,Ulcer ≥ p75,56099,0.9119,1.441,39.64,-0.0448
SOL,Ulcer ≥ p90,23021,0.9158,1.5604,39.96,-0.0422
SOL,Ulcer < p50,106023,0.9101,1.523,39.3,-0.0459
SOL,ROI* all,216031,0.9104,1.4789,39.34,-0.0457
SOL,ROI* ≥ p50,77847,0.9091,1.408,38.36,-0.0465
SOL,ROI* ≥ p75,34545,0.9098,1.5621,38.55,-0.0461
SOL,ROI* ≥ p90,12803,0.91,2.1208,38.4,-0.0458
SOL,ROI* < p50,138184,0.9111,1.5188,39.89,-0.0453
EUR/USD,MDD all,819607,0.524,19.4766,11.8,-0.1896
EUR/USD,MDD ≥ p50,383783,0.5204,19.0682,11.35,-0.1915
EUR/USD,MDD ≥ p75,189646,0.5187,18.9198,11.16,-0.1921
EUR/USD,MDD ≥ p90,76526,0.5172,18.8493,11.03,-0.1932
EUR/USD,MDD < p50,435824,0.5242,19.8362,12.19,-0.1881
EUR/USD,Calmar all,819607,0.524,19.4766,11.8,-0.1896
EUR/USD,Calmar ≥ p50,417863,0.524,17.9962,11.2,-0.1889
EUR/USD,Calmar ≥ p75,217556,0.524,17.7717,10.88,-0.1888
EUR/USD,Calmar ≥ p90,92964,0.524,18.0221,10.43,-0.189
EUR/USD,Calmar < p50,401744,0.5225,21.0164,12.41,-0.1904
EUR/USD,Ulcer all,819607,0.524,19.4766,11.8,-0.1896
EUR/USD,Ulcer ≥ p50,399070,0.5128,20.4409,11.39,-0.1951
EUR/USD,Ulcer ≥ p75,205428,0.5051,19.7398,10.91,-0.1997
EUR/USD,Ulcer ≥ p90,86874,0.4987,18.6844,10.05,-0.2046
EUR/USD,Ulcer < p50,420537,0.5307,18.5615,12.18,-0.1842
EUR/USD,ROI* all,819607,0.524,19.4766,11.8,-0.1896
EUR/USD,ROI* ≥ p50,190383,0.524,21.9101,12.88,-0.1884
EUR/USD,ROI* ≥ p75,78659,0.524,23.357,13.09,-0.188
EUR/USD,ROI* ≥ p90,27354,0.524,24.6648,12.99,-0.189
EUR/USD,ROI* < p50,629224,0.5238,18.7403,11.47,-0.19
USD/JPY,MDD all,809992,0.4423,19.7341,9.21,-0.2404
USD/JPY,MDD ≥ p50,382709,0.4386,18.1417,8.74,-0.2428
USD/JPY,MDD ≥ p75,190068,0.4367,17.6873,8.59,-0.2439
USD/JPY,MDD ≥ p90,76662,0.438,17.9768,8.6,-0.2433
USD/JPY,MDD < p50,427283,0.4467,21.1603,9.64,-0.2384
USD/JPY,Calmar all,809992,0.4423,19.7341,9.21,-0.2404
USD/JPY,Calmar ≥ p50,407935,0.4424,18.0219,8.64,-0.2403
USD/JPY,Calmar ≥ p75,211412,0.44,18.0494,8.37,-0.2414
USD/JPY,Calmar ≥ p90,89860,0.4379,16.0688,7.84,-0.242
USD/JPY,Calmar < p50,402057,0.4422,21.4713,9.8,-0.2406
USD/JPY,Ulcer all,809992,0.4423,19.7341,9.21,-0.2404
USD/JPY,Ulcer ≥ p50,384892,0.4317,19.3032,9.03,-0.2475
USD/JPY,Ulcer ≥ p75,195507,0.4226,18.9593,8.77,-0.2539
USD/JPY,Ulcer ≥ p90,81426,0.4117,18.264,8.21,-0.2616
USD/JPY,Ulcer < p50,425100,0.4494,20.1242,9.38,-0.2352
USD/JPY,ROI* all,809992,0.4423,19.7341,9.21,-0.2404
USD/JPY,ROI* ≥ p50,181672,0.4496,22.5694,10.44,-0.2334
USD/JPY,ROI* ≥ p75,74442,0.4496,22.4664,10.76,-0.2313
USD/JPY,ROI* ≥ p90,25748,0.4539,21.7864,11.14,-0.2292
USD/JPY,ROI* < p50,628320,0.4388,18.9143,8.86,-0.2425
EUR/GBP,MDD all,818656,0.699,46.3588,26.55,-0.1044
EUR/GBP,MDD ≥ p50,368361,0.6922,43.0288,25.61,-0.1082
EUR/GBP,MDD ≥ p75,178572,0.6892,40.1809,25.14,-0.1095
EUR/GBP,MDD ≥ p90,70559,0.687,39.7986,25.08,-0.1105
EUR/GBP,MDD < p50,450295,0.7022,49.0829,27.33,-0.1026
EUR/GBP,Calmar all,818656,0.699,46.3588,26.55,-0.1044
EUR/GBP,Calmar ≥ p50,413747,0.6989,42.047,25.91,-0.1053
EUR/GBP,Calmar ≥ p75,215709,0.699,40.9818,25.67,-0.1045
EUR/GBP,Calmar ≥ p90,92149,0.699,36.7467,25.13,-0.105
EUR/GBP,Calmar < p50,404909,0.699,50.7647,27.21,-0.1034
EUR/GBP,Ulcer all,818656,0.699,46.3588,26.55,-0.1044
EUR/GBP,Ulcer ≥ p50,385828,0.6893,43.7242,25.73,-0.1091
EUR/GBP,Ulcer ≥ p75,192216,0.6845,44.2769,25.38,-0.111
EUR/GBP,Ulcer ≥ p90,77438,0.6779,43.1656,24.76,-0.1136
EUR/GBP,Ulcer < p50,432828,0.7058,48.7073,27.28,-0.1014
EUR/GBP,ROI* all,818656,0.699,46.3588,26.55,-0.1044
EUR/GBP,ROI* ≥ p50,217731,0.7118,52.0052,28.18,-0.099
EUR/GBP,ROI* ≥ p75,91831,0.716,54.3602,28.53,-0.0975
EUR/GBP,ROI* ≥ p90,32449,0.714,56.5822,28.57,-0.0979
EUR/GBP,ROI* < p50,600925,0.6942,44.3129,25.96,-0.1072
XAU/USD,MDD all,817097,1.0523,1.2176,55.0,0.0182
XAU/USD,MDD ≥ p50,431210,1.0519,1.2156,55.01,0.018
XAU/USD,MDD ≥ p75,222998,1.0498,1.2081,54.89,0.0173
XAU/USD,MDD ≥ p90,92946,1.0471,1.2015,54.66,0.0165
XAU/USD,MDD < p50,385887,1.0528,1.2197,54.98,0.0184
XAU/USD,Calmar all,817097,1.0523,1.2176,55.0,0.0182
XAU/USD,Calmar ≥ p50,424871,1.0527,1.2204,55.09,0.0183
XAU/USD,Calmar ≥ p75,217861,1.051,1.2122,54.98,0.0177
XAU/USD,Calmar ≥ p90,90325,1.0501,1.2049,54.98,0.0175
XAU/USD,Calmar < p50,392226,1.0519,1.2145,54.89,0.0181
XAU/USD,Ulcer all,817097,1.0523,1.2176,55.0,0.0182
XAU/USD,Ulcer ≥ p50,429552,1.0512,1.2169,54.95,0.0177
XAU/USD,Ulcer ≥ p75,222660,1.0502,1.2159,54.92,0.0174
XAU/USD,Ulcer ≥ p90,93557,1.0474,1.2159,54.74,0.0166
XAU/USD,Ulcer < p50,387545,1.0537,1.2183,55.05,0.0187
XAU/USD,ROI* all,817097,1.0523,1.2176,55.0,0.0182
XAU/USD,ROI* ≥ p50,231395,1.0466,1.1974,54.55,0.0163
XAU/USD,ROI* ≥ p75,98116,1.0453,1.1947,54.41,0.0158
XAU/USD,ROI* ≥ p90,34592,1.0442,1.1965,54.19,0.0153
XAU/USD,ROI* < p50,585702,1.0548,1.2255,55.17,0.019
WTI,MDD all,814176,0.9431,1.0998,43.41,-0.0254
WTI,MDD ≥ p50,416112,0.9448,1.093,43.61,-0.0241
WTI,MDD ≥ p75,211800,0.9449,1.0981,43.71,-0.0237
WTI,MDD ≥ p90,86911,0.9451,1.0972,43.96,-0.023
WTI,MDD < p50,398064,0.94,1.1069,43.2,-0.0263
WTI,Calmar all,814176,0.9431,1.0998,43.41,-0.0254
WTI,Calmar ≥ p50,410705,0.9444,1.0998,43.54,-0.0246
WTI,Calmar ≥ p75,207589,0.9447,1.1017,43.66,-0.0243
WTI,Calmar ≥ p90,84653,0.9448,1.0965,43.74,-0.0239
WTI,Calmar < p50,403471,0.9415,1.0997,43.27,-0.0258
WTI,Ulcer all,814176,0.9431,1.0998,43.41,-0.0254
WTI,Ulcer ≥ p50,415682,0.9448,1.101,43.64,-0.0242
WTI,Ulcer ≥ p75,211955,0.9449,1.1014,43.72,-0.0238
WTI,Ulcer ≥ p90,87347,0.945,1.1011,43.82,-0.0234
WTI,Ulcer < p50,398494,0.9402,1.0986,43.17,-0.0263
WTI,ROI* all,814176,0.9431,1.0998,43.41,-0.0254
WTI,ROI* ≥ p50,241361,0.9433,1.0808,43.32,-0.0249
WTI,ROI* ≥ p75,103624,0.9426,1.0742,43.22,-0.0252
WTI,ROI* ≥ p90,36868,0.9413,1.075,43.08,-0.0257
WTI,ROI* < p50,572815,0.9429,1.1078,43.45,-0.0256
