Asset,MC Metric,Threshold,Pass rate | IS PF>1 (%),Pass rate | IS PF<=1 (%),Diff (pp),Selection bias ratio
BTC,MDD,50,52.54,51.24,1.3,1.025
BTC,MDD,75,27.12,26.01,1.1,1.042
BTC,MDD,90,11.28,10.36,0.92,1.089
BTC,Calmar,50,52.66,48.68,3.98,1.082
BTC,Calmar,75,27.24,24.06,3.19,1.132
BTC,Calmar,90,11.36,9.38,1.98,1.212
BTC,Ulcer,50,51.92,50.28,1.65,1.033
BTC,Ulcer,75,26.64,25.37,1.27,1.05
BTC,Ulcer,90,11.12,10.03,1.08,1.108
BTC,ROI*,50,33.58,39.12,-5.55,0.858
BTC,ROI*,75,14.34,18.16,-3.82,0.79
BTC,ROI*,90,5.1,6.98,-1.88,0.73
DOGE,MDD,50,50.41,49.83,0.58,1.012
DOGE,MDD,75,25.41,24.79,0.62,1.025
DOGE,MDD,90,10.22,9.61,0.6,1.063
DOGE,Calmar,50,50.51,50.12,0.4,1.008
DOGE,Calmar,75,25.54,25.16,0.37,1.015
DOGE,Calmar,90,10.3,10.16,0.15,1.015
DOGE,Ulcer,50,50.2,49.5,0.71,1.014
DOGE,Ulcer,75,25.25,24.65,0.6,1.024
DOGE,Ulcer,90,10.22,9.78,0.44,1.044
DOGE,ROI*,50,33.94,39.05,-5.11,0.869
DOGE,ROI*,75,14.65,18.09,-3.45,0.809
DOGE,ROI*,90,5.24,6.87,-1.63,0.763
BNB,MDD,50,50.46,50.62,-0.16,0.997
BNB,MDD,75,25.41,25.22,0.19,1.007
BNB,MDD,90,10.28,9.93,0.35,1.035
BNB,Calmar,50,50.58,49.32,1.26,1.026
BNB,Calmar,75,25.52,24.65,0.88,1.036
BNB,Calmar,90,10.36,9.89,0.48,1.048
BNB,Ulcer,50,49.76,50.18,-0.42,0.992
BNB,Ulcer,75,24.95,24.95,-0.01,1.0
BNB,Ulcer,90,10.05,9.85,0.2,1.02
BNB,ROI*,50,33.17,38.72,-5.56,0.856
BNB,ROI*,75,14.2,17.85,-3.64,0.796
BNB,ROI*,90,5.07,6.9,-1.82,0.736
SOL,MDD,50,50.67,49.65,1.01,1.02
SOL,MDD,75,25.73,25.16,0.57,1.023
SOL,MDD,90,10.41,10.23,0.18,1.018
SOL,Calmar,50,50.94,50.35,0.59,1.012
SOL,Calmar,75,25.95,25.68,0.27,1.01
SOL,Calmar,90,10.57,10.56,0.01,1.001
SOL,Ulcer,50,51.62,49.53,2.09,1.042
SOL,Ulcer,75,26.45,25.01,1.44,1.058
SOL,Ulcer,90,10.82,10.33,0.49,1.048
SOL,ROI*,50,34.22,39.65,-5.43,0.863
SOL,ROI*,75,14.85,18.26,-3.41,0.813
SOL,ROI*,90,5.43,6.92,-1.5,0.784
EUR/USD,MDD,50,36.53,47.89,-11.35,0.763
EUR/USD,MDD,75,16.31,23.84,-7.53,0.684
EUR/USD,MDD,90,6.63,9.62,-2.98,0.69
EUR/USD,Calmar,50,41.13,52.0,-10.87,0.791
EUR/USD,Calmar,75,19.4,27.28,-7.88,0.711
EUR/USD,Calmar,90,7.42,11.75,-4.33,0.631
EUR/USD,Ulcer,50,44.93,49.08,-4.15,0.915
EUR/USD,Ulcer,75,22.85,25.29,-2.44,0.903
EUR/USD,Ulcer,90,8.8,10.78,-1.98,0.816
EUR/USD,ROI*,50,30.74,22.45,8.29,1.369
EUR/USD,ROI*,75,13.38,9.21,4.18,1.454
EUR/USD,ROI*,90,4.7,3.2,1.51,1.472
USD/JPY,MDD,50,33.57,48.5,-14.92,0.692
USD/JPY,MDD,75,14.58,24.28,-9.7,0.6
USD/JPY,MDD,90,6.15,9.77,-3.62,0.63
USD/JPY,Calmar,50,39.09,51.39,-12.29,0.761
USD/JPY,Calmar,75,18.22,26.82,-8.59,0.68
USD/JPY,Calmar,90,6.96,11.47,-4.51,0.607
USD/JPY,Ulcer,50,43.0,47.93,-4.93,0.897
USD/JPY,Ulcer,75,21.62,24.36,-2.74,0.887
USD/JPY,Ulcer,90,8.37,10.21,-1.84,0.82
USD/JPY,ROI*,50,29.92,21.74,8.17,1.376
USD/JPY,ROI*,75,12.89,8.85,4.03,1.456
USD/JPY,ROI*,90,4.64,3.05,1.6,1.524
EUR/GBP,MDD,50,39.46,46.79,-7.34,0.843
EUR/GBP,MDD,75,17.98,23.06,-5.09,0.779
EUR/GBP,MDD,90,6.93,9.17,-2.24,0.756
EUR/GBP,Calmar,50,42.74,53.07,-10.33,0.805
EUR/GBP,Calmar,75,20.26,28.33,-8.07,0.715
EUR/GBP,Calmar,90,7.72,12.4,-4.68,0.623
EUR/GBP,Ulcer,50,45.59,47.63,-2.03,0.957
EUR/GBP,Ulcer,75,22.7,23.73,-1.03,0.956
EUR/GBP,Ulcer,90,8.91,9.64,-0.72,0.925
EUR/GBP,ROI*,50,30.14,25.44,4.71,1.185
EUR/GBP,ROI*,75,13.02,10.63,2.4,1.225
EUR/GBP,ROI*,90,4.68,3.73,0.95,1.255
XAU/USD,MDD,50,52.96,51.98,0.99,1.019
XAU/USD,MDD,75,27.48,26.51,0.97,1.037
XAU/USD,MDD,90,11.51,10.82,0.69,1.063
XAU/USD,Calmar,50,53.03,47.74,5.29,1.111
XAU/USD,Calmar,75,27.56,22.96,4.6,1.2
XAU/USD,Calmar,90,11.57,8.92,2.65,1.298
XAU/USD,Ulcer,50,52.79,51.66,1.13,1.022
XAU/USD,Ulcer,75,27.51,26.16,1.35,1.052
XAU/USD,Ulcer,90,11.63,10.71,0.91,1.085
XAU/USD,ROI*,50,27.22,32.87,-5.65,0.828
XAU/USD,ROI*,75,11.42,14.42,-3.0,0.792
XAU/USD,ROI*,90,4.0,5.2,-1.2,0.769
WTI,MDD,50,51.03,51.31,-0.28,0.995
WTI,MDD,75,26.01,26.01,0.0,1.0
WTI,MDD,90,10.7,10.6,0.11,1.01
WTI,Calmar,50,51.16,48.61,2.55,1.053
WTI,Calmar,75,26.16,23.81,2.35,1.099
WTI,Calmar,90,10.8,9.36,1.44,1.154
WTI,Ulcer,50,51.05,51.07,-0.02,1.0
WTI,Ulcer,75,26.15,25.73,0.42,1.016
WTI,Ulcer,90,10.86,10.39,0.47,1.045
WTI,ROI*,50,28.46,32.65,-4.19,0.872
WTI,ROI*,75,12.12,14.26,-2.14,0.85
WTI,ROI*,90,4.3,5.12,-0.82,0.84
