Asset,Filter,Threshold,N_observations,N_windows,Observed Lift (pp),Boot mean (pp),CI low (pp),CI high (pp),p(lift<=0),n_boot_valid
BTC,MC-MDD p50,50,758588,27,-0.153,-0.148,-0.519,0.212,0.7846,10000
BTC,MC-MDD p75,75,758588,27,-0.302,-0.294,-0.827,0.226,0.8681,10000
BTC,MC-MDD p90,90,758588,27,-0.43,-0.422,-1.043,0.189,0.9105,10000
BTC,MC-Calmar p50,50,758588,27,0.057,0.056,-0.276,0.378,0.3663,10000
BTC,MC-Calmar p75,75,758588,27,0.215,0.216,-0.276,0.68,0.1901,10000
BTC,MC-Calmar p90,90,758588,27,0.297,0.298,-0.342,0.912,0.1775,10000
BTC,MC-Ulcer p50,50,758588,27,-0.13,-0.127,-0.609,0.34,0.6966,10000
BTC,MC-Ulcer p75,75,758588,27,-0.263,-0.258,-0.943,0.418,0.7693,10000
DOGE,MC-MDD p50,50,637308,21,0.078,0.079,-0.458,0.612,0.3846,10000
DOGE,MC-MDD p75,75,637308,21,0.175,0.179,-0.638,0.933,0.3215,10000
DOGE,MC-MDD p90,90,637308,21,0.375,0.378,-0.67,1.375,0.2371,10000
DOGE,MC-Calmar p50,50,637308,21,0.122,0.122,-0.229,0.513,0.2661,10000
DOGE,MC-Calmar p75,75,637308,21,0.283,0.287,-0.391,0.977,0.2022,10000
DOGE,MC-Calmar p90,90,637308,21,0.136,0.148,-0.811,1.096,0.3778,10000
DOGE,MC-Ulcer p50,50,637308,21,0.216,0.212,-0.263,0.708,0.1963,10000
DOGE,MC-Ulcer p75,75,637308,21,0.359,0.352,-0.429,1.113,0.1878,10000
BNB,MC-MDD p50,50,935238,30,-0.132,-0.126,-0.581,0.319,0.707,10000
BNB,MC-MDD p75,75,935238,30,-0.123,-0.11,-0.846,0.564,0.6114,10000
BNB,MC-MDD p90,90,935238,30,-0.281,-0.258,-1.346,0.736,0.6782,10000
BNB,MC-Calmar p50,50,935238,30,-0.13,-0.131,-0.439,0.192,0.7943,10000
BNB,MC-Calmar p75,75,935238,30,-0.028,-0.029,-0.517,0.462,0.5542,10000
BNB,MC-Calmar p90,90,935238,30,-0.16,-0.16,-0.909,0.603,0.6644,10000
BNB,MC-Ulcer p50,50,935238,30,-0.096,-0.087,-0.582,0.402,0.6327,10000
BNB,MC-Ulcer p75,75,935238,30,-0.079,-0.064,-0.765,0.6,0.5687,10000
SOL,MC-MDD p50,50,216031,7,-0.001,-0.007,-0.546,0.529,0.5144,10000
SOL,MC-MDD p75,75,216031,7,-0.003,-0.014,-0.819,0.783,0.5115,10000
SOL,MC-MDD p90,90,216031,7,-0.288,-0.3,-1.214,0.737,0.7164,10000
SOL,MC-Calmar p50,50,216031,7,-0.028,-0.028,-0.432,0.423,0.5615,10000
SOL,MC-Calmar p75,75,216031,7,0.015,0.014,-0.676,0.752,0.4906,10000
SOL,MC-Calmar p90,90,216031,7,-0.307,-0.311,-1.574,0.94,0.6837,10000
SOL,MC-Ulcer p50,50,216031,7,0.041,0.028,-0.474,0.515,0.4532,10000
SOL,MC-Ulcer p75,75,216031,7,0.296,0.273,-0.452,1.031,0.2435,10000
EUR/USD,MC-MDD p50,50,819607,15,-0.443,-0.433,-0.653,-0.188,0.9996,10000
EUR/USD,MC-MDD p75,75,819607,15,-0.638,-0.623,-0.902,-0.322,1.0,10000
EUR/USD,MC-MDD p90,90,819607,15,-0.766,-0.748,-1.099,-0.368,1.0,10000
EUR/USD,MC-Calmar p50,50,819607,15,-0.594,-0.6,-0.819,-0.382,1.0,10000
EUR/USD,MC-Calmar p75,75,819607,15,-0.92,-0.927,-1.347,-0.535,1.0,10000
EUR/USD,MC-Calmar p90,90,819607,15,-1.368,-1.372,-2.054,-0.707,1.0,10000
EUR/USD,MC-Ulcer p50,50,819607,15,-0.407,-0.374,-0.781,0.144,0.9284,10000
EUR/USD,MC-Ulcer p75,75,819607,15,-0.887,-0.826,-1.493,0.022,0.9723,10000
USD/JPY,MC-MDD p50,50,809992,15,-0.475,-0.467,-0.687,-0.248,1.0,10000
USD/JPY,MC-MDD p75,75,809992,15,-0.619,-0.607,-0.881,-0.326,1.0,10000
USD/JPY,MC-MDD p90,90,809992,15,-0.612,-0.601,-0.936,-0.267,0.9997,10000
USD/JPY,MC-Calmar p50,50,809992,15,-0.576,-0.578,-0.79,-0.365,1.0,10000
USD/JPY,MC-Calmar p75,75,809992,15,-0.845,-0.844,-1.194,-0.495,1.0,10000
USD/JPY,MC-Calmar p90,90,809992,15,-1.373,-1.371,-1.92,-0.815,1.0,10000
USD/JPY,MC-Ulcer p50,50,809992,15,-0.185,-0.161,-0.513,0.254,0.7995,10000
USD/JPY,MC-Ulcer p75,75,809992,15,-0.446,-0.401,-0.995,0.278,0.8862,10000
EUR/GBP,MC-MDD p50,50,818656,15,-0.946,-0.921,-1.549,-0.297,0.9989,10000
EUR/GBP,MC-MDD p75,75,818656,15,-1.409,-1.371,-2.189,-0.556,0.9997,10000
EUR/GBP,MC-MDD p90,90,818656,15,-1.476,-1.434,-2.466,-0.419,0.9973,10000
EUR/GBP,MC-Calmar p50,50,818656,15,-0.642,-0.643,-1.112,-0.177,0.9972,10000
EUR/GBP,MC-Calmar p75,75,818656,15,-0.88,-0.889,-1.76,0.019,0.9729,10000
EUR/GBP,MC-Calmar p90,90,818656,15,-1.417,-1.432,-2.78,0.008,0.9742,10000
EUR/GBP,MC-Ulcer p50,50,818656,15,-0.823,-0.781,-1.373,-0.189,0.9955,10000
EUR/GBP,MC-Ulcer p75,75,818656,15,-1.172,-1.112,-1.939,-0.265,0.9951,10000
XAU/USD,MC-MDD p50,50,817097,15,0.014,0.015,-0.311,0.35,0.4725,10000
XAU/USD,MC-MDD p75,75,817097,15,-0.11,-0.106,-0.648,0.485,0.6519,10000
XAU/USD,MC-MDD p90,90,817097,15,-0.336,-0.329,-0.947,0.517,0.8072,10000
XAU/USD,MC-Calmar p50,50,817097,15,0.094,0.093,-0.232,0.409,0.2856,10000
XAU/USD,MC-Calmar p75,75,817097,15,-0.017,-0.019,-0.569,0.559,0.5272,10000
XAU/USD,MC-Calmar p90,90,817097,15,-0.011,-0.012,-0.709,0.795,0.529,10000
XAU/USD,MC-Ulcer p50,50,817097,15,-0.045,-0.042,-0.357,0.283,0.6066,10000
XAU/USD,MC-Ulcer p75,75,817097,15,-0.078,-0.073,-0.541,0.437,0.6246,10000
WTI,MC-MDD p50,50,814176,15,0.2,0.201,0.043,0.342,0.0068,10000
WTI,MC-MDD p75,75,814176,15,0.299,0.301,0.017,0.568,0.0186,10000
WTI,MC-MDD p90,90,814176,15,0.55,0.554,0.015,1.034,0.0228,10000
WTI,MC-Calmar p50,50,814176,15,0.135,0.137,-0.066,0.351,0.1015,10000
WTI,MC-Calmar p75,75,814176,15,0.246,0.251,-0.046,0.596,0.0562,10000
WTI,MC-Calmar p90,90,814176,15,0.334,0.342,-0.161,0.835,0.0912,10000
WTI,MC-Ulcer p50,50,814176,15,0.232,0.231,0.065,0.399,0.0038,10000
WTI,MC-Ulcer p75,75,814176,15,0.312,0.309,-0.012,0.623,0.0309,10000
