Asset,Filter,Same-Window OOS Prof%,Pool Size,Lift (pp)
BTC,No filter,31.763223251620115,758588,0.0
BTC,IS PF>1,34.00487646975262,429409,2.2416532181325017
BTC,Rob: ENT,34.46219923988754,353895,2.6989759882674242
BTC,Rob: FEE,35.74349202247917,309620,3.980268770859052
BTC,Rob: SLI,36.1799691273949,286338,4.416745875774783
BTC,Rob: ENT+IND,34.50793477535824,329814,2.744711523738122
BTC,Rob: All 4,36.16510604062842,223735,4.401882789008308
BTC,MC-MDD p50,31.609823650110457,394273,-0.15339960150965837
BTC,MC-MDD p75,31.46089099357214,202089,-0.3023322580479757
BTC,MC-MDD p90,31.33317173675918,82510,-0.43005151486093496
BTC,MC-Calmar p50,31.82004047639998,386398,0.05681722477986639
BTC,MC-Calmar p75,31.97812224425403,196181,0.2148989926339162
BTC,MC-Calmar p90,32.06019680690832,79672,0.2969735552882078
BTC,MC-Ulcer p50,31.63333075913198,388470,-0.1298924924881355
BTC,MC-Ulcer p75,31.50058604801552,197936,-0.2626372036045943
BTC,MC-MDD p50 + IS PF>1,33.822219267335946,225615,2.058996015715831
BTC,MC-MDD p75 + IS PF>1,33.728328911100235,116457,1.9651056594801197
BTC,MC-MDD p90 + IS PF>1,33.602511410809804,48419,1.8392881591896888
BTC,MC-Calmar p50 + IS PF>1,33.8293299844347,226144,2.0661067328145855
BTC,MC-Calmar p75 + IS PF>1,33.776391144542266,116990,2.0131678929221515
BTC,MC-Calmar p90 + IS PF>1,33.652348553160095,48796,1.8891253015399805
BTC,MC-Ulcer p50 + IS PF>1,33.88139158358337,222969,2.1181683319632576
BTC,MC-Ulcer p75 + IS PF>1,33.64097992431195,114417,1.8777566726918344
BTC,MC-ROI* p50,30.52014652014652,273000,-1.2430767314735967
BTC,MC-ROI* p75,30.455309472018982,121368,-1.307913779601133
DOGE,No filter,35.84734539657434,637308,0.0
DOGE,IS PF>1,38.49417067243354,373628,2.6468252758592
DOGE,Rob: ENT,38.918645024604075,294057,3.0712996280297347
DOGE,Rob: FEE,39.89352523268408,272365,4.0461798361097365
DOGE,Rob: SLI,40.10950591971936,253137,4.26216052314502
DOGE,Rob: ENT+IND,39.09460558416915,276675,3.2472601875948115
DOGE,Rob: All 4,40.39655825650543,182117,4.549212859931089
DOGE,MC-MDD p50,35.92534214015862,319752,0.07799674358427922
DOGE,MC-MDD p75,36.02185410637661,160336,0.17450870980226796
DOGE,MC-MDD p90,36.22225720132221,63530,0.37491180474786745
DOGE,MC-Calmar p50,35.96896084266949,320885,0.12161544609514863
DOGE,MC-Calmar p75,36.1308070348963,161765,0.2834616383219597
DOGE,MC-Calmar p90,35.98345588235294,65280,0.13611048577860174
DOGE,MC-Ulcer p50,36.0637184166596,318087,0.21637302008525694
DOGE,MC-Ulcer p75,36.20642034826058,159306,0.3590749516862388
DOGE,MC-MDD p50 + IS PF>1,38.644701285325205,188357,2.7973558887508645
DOGE,MC-MDD p75 + IS PF>1,38.95617009625308,94958,3.108824699678742
DOGE,MC-MDD p90 + IS PF>1,39.01359386049923,38179,3.1662484639248873
DOGE,MC-Calmar p50 + IS PF>1,38.65908645363654,188737,2.8117410570622
DOGE,MC-Calmar p75 + IS PF>1,38.99095549011182,95417,3.1436100935374824
DOGE,MC-Calmar p90 + IS PF>1,39.036488767692504,38505,3.1891433711181634
DOGE,MC-Ulcer p50 + IS PF>1,38.77287727173374,187577,2.9255318751594004
DOGE,MC-Ulcer p75 + IS PF>1,39.028656849336855,94323,3.1813114527625146
DOGE,MC-ROI* p50,34.93366749772655,229827,-0.9136778988477872
DOGE,MC-ROI* p75,34.51877739488661,102437,-1.328568001687728
BNB,No filter,28.422283953389403,935238,0.0
BNB,IS PF>1,31.324178632347405,475457,2.9018946789580014
BNB,Rob: ENT,31.86015764814703,397848,3.437873694757627
BNB,Rob: FEE,33.486303131237676,326644,5.064019177848273
BNB,Rob: SLI,33.89636817466443,299271,5.474084221275028
BNB,Rob: ENT+IND,32.07439669104556,365070,3.6521127376561537
BNB,Rob: All 4,34.01573151546932,238375,5.593447562079916
BNB,MC-MDD p50,28.289959443420713,472673,-0.13232450996869005
BNB,MC-MDD p75,28.29974321721796,236776,-0.12254073617144456
BNB,MC-MDD p90,28.14122973101617,94541,-0.28105422237323197
BNB,MC-Calmar p50,28.291884256484888,467240,-0.13039969690451514
BNB,MC-Calmar p75,28.394156851381524,234668,-0.028127102007879046
BNB,MC-Calmar p90,28.26213172034498,94731,-0.16015223304442472
BNB,MC-Ulcer p50,28.326435581272925,467302,-0.09584837211647823
BNB,MC-Ulcer p75,28.342889957402313,233346,-0.07939399598708974
BNB,MC-MDD p50 + IS PF>1,31.04576525508503,239920,2.6234813016956267
BNB,MC-MDD p75 + IS PF>1,31.106494280464187,120814,2.6842103270747835
BNB,MC-MDD p90 + IS PF>1,30.80527026474078,48878,2.3829863113513774
BNB,MC-Calmar p50 + IS PF>1,31.06281760190291,240474,2.6405336485135074
BNB,MC-Calmar p75 + IS PF>1,31.148743304491138,121350,2.7264593511017345
BNB,MC-Calmar p90 + IS PF>1,30.88724734150499,49276,2.4649633881155886
BNB,MC-Ulcer p50 + IS PF>1,31.11540363587179,236587,2.6931196824823864
BNB,MC-Ulcer p75 + IS PF>1,31.12338237153817,118615,2.701098418148767
BNB,MC-ROI* p50,27.0159513002871,335772,-1.4063326531023037
BNB,MC-ROI* p75,26.758012231393913,149615,-1.6642717219954903
SOL,No filter,39.33972439140679,216031,0.0
SOL,IS PF>1,41.27102959219748,144261,1.931305200790689
SOL,Rob: ENT,42.24339743700904,115334,2.903673045602247
SOL,Rob: FEE,42.943143233317166,115448,3.6034188419103756
SOL,Rob: SLI,43.09601792794346,110219,3.756293536536667
SOL,Rob: ENT+IND,42.58615209988649,110125,3.2464277084797004
SOL,Rob: All 4,44.24048648987524,79755,4.900762098468448
SOL,MC-MDD p50,39.33845842605705,108746,-0.0012659653497379963
SOL,MC-MDD p75,39.3368964580125,55195,-0.002827933394293325
SOL,MC-MDD p90,39.05132331902718,22368,-0.28840107237960666
SOL,MC-Calmar p50,39.31151488616462,109632,-0.0282095052421667
SOL,MC-Calmar p75,39.354677070097885,55879,0.0149526786910954
SOL,MC-Calmar p90,39.0331479616412,22837,-0.30657642976559174
SOL,MC-Ulcer p50,39.38077230746855,110008,0.04104791606175695
SOL,MC-Ulcer p75,39.63528761653505,56099,0.2955632251282623
SOL,MC-MDD p50 + IS PF>1,41.18861988784024,73110,1.8488954964334496
SOL,MC-MDD p75 + IS PF>1,41.192944661370674,37135,1.8532202699638844
SOL,MC-MDD p90 + IS PF>1,40.82529118136439,15025,1.485566789957602
SOL,MC-Calmar p50 + IS PF>1,41.24930269262691,73497,1.9095783012201224
SOL,MC-Calmar p75 + IS PF>1,41.29035703794697,37447,1.9506326465401784
SOL,MC-Calmar p90 + IS PF>1,40.90581372484761,15257,1.5660893334408215
SOL,MC-Ulcer p50 + IS PF>1,41.15482744729421,74470,1.8151030558874197
SOL,MC-Ulcer p75 + IS PF>1,41.44347188007757,38158,2.103747488670777
SOL,MC-ROI* p50,38.364998008914924,77847,-0.9747263824918662
SOL,MC-ROI* p75,38.5497177594442,34545,-0.7900066319625907
EUR/USD,No filter,11.795409263220055,819607,0.0
EUR/USD,IS PF>1,21.388157380126717,76706,9.592748116906662
EUR/USD,Rob: ENT,23.27676909380311,37067,11.481359830583056
EUR/USD,Rob: FEE,21.41344972687593,76522,9.618040463655873
EUR/USD,Rob: SLI,21.388157380126717,76706,9.592748116906662
EUR/USD,Rob: ENT+IND,23.084416572802823,32849,11.289007309582768
EUR/USD,Rob: All 4,23.702587977543473,21909,11.907178714323418
EUR/USD,MC-MDD p50,11.352248536282222,383783,-0.44316072693783326
EUR/USD,MC-MDD p75,11.157630532676672,189646,-0.6377787305433831
EUR/USD,MC-MDD p90,11.02893134359564,76526,-0.766477919624414
EUR/USD,MC-Calmar p50,11.201278888056612,417863,-0.5941303751634432
EUR/USD,MC-Calmar p75,10.87582047840556,217556,-0.9195887848144952
EUR/USD,MC-Calmar p90,10.427692440084334,92964,-1.367716823135721
EUR/USD,MC-Ulcer p50,11.388227629237978,399070,-0.4071816339820771
EUR/USD,MC-Ulcer p75,10.907958019354712,205428,-0.8874512438653426
EUR/USD,MC-MDD p50 + IS PF>1,17.274088866699948,28042,5.478679603479893
EUR/USD,MC-MDD p75 + IS PF>1,15.892030027152213,12522,4.096620763932158
EUR/USD,MC-MDD p90 + IS PF>1,16.777996070726918,5090,4.982586807506863
EUR/USD,MC-Calmar p50 + IS PF>1,18.647612408504706,31559,6.852203145284651
EUR/USD,MC-Calmar p75 + IS PF>1,17.929598280263335,14886,6.13418901704328
EUR/USD,MC-Calmar p90 + IS PF>1,17.638791286015458,5692,5.843382022795403
EUR/USD,MC-Ulcer p50 + IS PF>1,19.406101380350307,34484,7.610692117130252
EUR/USD,MC-Ulcer p75 + IS PF>1,19.221119854031247,17538,7.4257105908111924
EUR/USD,MC-ROI* p50,12.878775941129197,190383,1.083366677909142
EUR/USD,MC-ROI* p75,13.093225187200447,78659,1.2978159239803926
USD/JPY,No filter,9.212189750022223,809992,0.0
USD/JPY,IS PF>1,20.92042807865798,67838,11.708238328635758
USD/JPY,Rob: ENT,23.230232420604413,33818,14.01804267058219
USD/JPY,Rob: FEE,20.941704698184825,67707,11.729514948162603
USD/JPY,Rob: SLI,20.92042807865798,67838,11.708238328635758
USD/JPY,Rob: ENT+IND,22.882900798780287,30171,13.670711048758065
USD/JPY,Rob: All 4,23.988201731057494,20681,14.776011981035271
USD/JPY,MC-MDD p50,8.736925444658997,382709,-0.4752643053632255
USD/JPY,MC-MDD p75,8.593240313992887,190068,-0.6189494360293359
USD/JPY,MC-MDD p90,8.60008870105137,76662,-0.6121010489708532
USD/JPY,MC-Calmar p50,8.636424920636866,407935,-0.5757648293853563
USD/JPY,MC-Calmar p75,8.367074716666982,211412,-0.8451150333552402
USD/JPY,MC-Calmar p90,7.838860449588249,89860,-1.3733293004339737
USD/JPY,MC-Ulcer p50,9.026947819128482,384892,-0.1852419308937403
USD/JPY,MC-Ulcer p75,8.76592653971469,195507,-0.44626321030753324
USD/JPY,MC-MDD p50 + IS PF>1,17.14699302539808,22797,7.934803275375856
USD/JPY,MC-MDD p75 + IS PF>1,16.190283809716192,9901,6.978094059693969
USD/JPY,MC-MDD p90 + IS PF>1,16.064160881015084,4177,6.851971130992862
USD/JPY,MC-Calmar p50 + IS PF>1,18.499962329541173,26546,9.28777257951895
USD/JPY,MC-Calmar p75 + IS PF>1,17.754970098593827,12374,8.542780348571604
USD/JPY,MC-Calmar p90 + IS PF>1,16.694879390605163,4726,7.48268964058294
USD/JPY,MC-Ulcer p50 + IS PF>1,19.156222176563247,29202,9.944032426541025
USD/JPY,MC-Ulcer p75 + IS PF>1,18.745317076493425,14681,9.533127326471202
USD/JPY,MC-ROI* p50,10.443546611475627,181672,1.2313568614534045
USD/JPY,MC-ROI* p75,10.75871148007845,74442,1.5465217300562273
EUR/GBP,No filter,26.551323144275496,818656,0.0
EUR/GBP,IS PF>1,35.34840701935843,201101,8.797083875082937
EUR/GBP,Rob: ENT,36.39952684834284,132727,9.848203704067341
EUR/GBP,Rob: FEE,35.37562912453798,200477,8.824305980262483
EUR/GBP,Rob: SLI,35.34840701935843,201101,8.797083875082937
EUR/GBP,Rob: ENT+IND,36.411083697096224,126456,9.859760552820727
EUR/GBP,Rob: All 4,36.67895208686124,100390,10.12762894258574
EUR/GBP,MC-MDD p50,25.605316523736228,368361,-0.9460066205392685
EUR/GBP,MC-MDD p75,25.142799543041463,178572,-1.4085236012340339
EUR/GBP,MC-MDD p90,25.075468756643378,70559,-1.4758543876321184
EUR/GBP,MC-Calmar p50,25.909311729148488,413747,-0.6420114151270084
EUR/GBP,MC-Calmar p75,25.67115882971967,215709,-0.8801643145558273
EUR/GBP,MC-Calmar p90,25.134293372689882,92149,-1.4170297715856144
EUR/GBP,MC-Ulcer p50,25.7285629866158,385828,-0.8227601576596975
EUR/GBP,MC-Ulcer p75,25.379781079618763,192216,-1.1715420646567338
EUR/GBP,MC-MDD p50 + IS PF>1,33.38246409674981,79380,6.8311409524743105
EUR/GBP,MC-MDD p75 + IS PF>1,32.86326558827596,36165,6.3119424440004614
EUR/GBP,MC-MDD p90 + IS PF>1,32.62803041170564,13942,6.076707267430141
EUR/GBP,MC-Calmar p50 + IS PF>1,34.12067080687554,85986,7.569347662600041
EUR/GBP,MC-Calmar p75 + IS PF>1,33.89115178878147,40754,7.339828644505975
EUR/GBP,MC-Calmar p90 + IS PF>1,33.47924042484712,15535,6.927917280571624
EUR/GBP,MC-Ulcer p50 + IS PF>1,34.179023113824684,91720,7.627699969549187
EUR/GBP,MC-Ulcer p75 + IS PF>1,34.24216542934104,45663,7.690842285065546
EUR/GBP,MC-ROI* p50,28.18156348889226,217731,1.6302403446167624
EUR/GBP,MC-ROI* p75,28.532848384532457,91831,1.9815252402569605
XAU/USD,No filter,54.9956737082623,817097,0.0
XAU/USD,IS PF>1,55.70460006474469,657969,0.7089263564823867
XAU/USD,Rob: ENT,55.94512700486006,603284,0.9494532965977598
XAU/USD,Rob: FEE,55.82527979226797,628502,0.8296060840056683
XAU/USD,Rob: SLI,55.70460006474469,657969,0.7089263564823867
XAU/USD,Rob: ENT+IND,56.124620008469115,580934,1.1289463002068132
XAU/USD,Rob: All 4,56.31655543851682,537334,1.32088173025452
XAU/USD,MC-MDD p50,55.00985598664224,431210,0.014182278379941238
XAU/USD,MC-MDD p75,54.88614247661414,222998,-0.10953123164816247
XAU/USD,MC-MDD p90,54.65969487659501,92946,-0.3359788316672905
XAU/USD,MC-Calmar p50,55.08966250932637,424871,0.09398880106406438
XAU/USD,MC-Calmar p75,54.97909217345004,217861,-0.016581534812260657
XAU/USD,MC-Calmar p90,54.984777193468034,90325,-0.010896514794268342
XAU/USD,MC-Ulcer p50,54.950273773605986,429552,-0.04539993465631653
XAU/USD,MC-Ulcer p75,54.917811910536244,222660,-0.07786179772605806
XAU/USD,MC-MDD p50 + IS PF>1,55.72928921920285,348490,0.7336155109405453
XAU/USD,MC-MDD p75 + IS PF>1,55.617989956418825,180812,0.6223162481565225
XAU/USD,MC-MDD p90 + IS PF>1,55.482771827414524,75719,0.4870981191522219
XAU/USD,MC-Calmar p50 + IS PF>1,55.72086118148781,348916,0.7251874732255104
XAU/USD,MC-Calmar p75 + IS PF>1,55.59826608722508,181324,0.6025923789627754
XAU/USD,MC-Calmar p90 + IS PF>1,55.44858745189719,76139,0.45291374363488757
XAU/USD,MC-Ulcer p50 + IS PF>1,55.66972318588147,347345,0.674049477619171
XAU/USD,MC-Ulcer p75 + IS PF>1,55.6200629729879,181030,0.6243892647256004
XAU/USD,MC-ROI* p50,54.54698675425139,231395,-0.44868695401090974
XAU/USD,MC-ROI* p75,54.41212442415101,98116,-0.5835492841112924
WTI,No filter,43.40904177966435,814176,0.0
WTI,IS PF>1,43.7597801382174,584731,0.3507383585530519
WTI,Rob: ENT,43.83514077142783,498219,0.42609899176348165
WTI,Rob: FEE,44.033713410698695,474114,0.6246716310343459
WTI,Rob: SLI,43.7597801382174,584731,0.3507383585530519
WTI,Rob: ENT+IND,43.78384381967845,477192,0.374802040014103
WTI,Rob: All 4,44.020925773472456,380201,0.6118839938081067
WTI,MC-MDD p50,43.6089322105587,416112,0.19989043089434944
WTI,MC-MDD p75,43.70821529745042,211800,0.29917351778607326
WTI,MC-MDD p90,43.958762412122745,86911,0.5497206324583956
WTI,MC-Calmar p50,43.54366272628772,410705,0.13462094662337165
WTI,MC-Calmar p75,43.65549234304322,207589,0.24645056337887183
WTI,MC-Calmar p90,43.743281395815856,84653,0.3342396161515069
WTI,MC-Ulcer p50,43.64129310386305,415682,0.23225132419869965
WTI,MC-Ulcer p75,43.72060107098205,211955,0.31155929131769966
WTI,MC-MDD p50 + IS PF>1,43.98199659503733,298388,0.5729548153729809
WTI,MC-MDD p75 + IS PF>1,44.144600173551765,152116,0.7355583938874162
WTI,MC-MDD p90 + IS PF>1,44.478880439644705,62596,1.0698386599803555
WTI,MC-Calmar p50 + IS PF>1,43.99009295376378,299181,0.5810511740994286
WTI,MC-Calmar p75 + IS PF>1,44.15118270852675,152954,0.7421409288623977
WTI,MC-Calmar p90 + IS PF>1,44.49245769821296,63177,1.08341591854861
WTI,MC-Ulcer p50 + IS PF>1,44.00816063998714,298506,0.5991188603227897
WTI,MC-Ulcer p75 + IS PF>1,44.193316329867244,152910,0.7842745502028947
WTI,MC-ROI* p50,43.323072078753405,241361,-0.08596970091094391
WTI,MC-ROI* p75,43.21875241256852,103624,-0.19028936709582922
