config,n_top,window_i,n_trades,actual_roi,actual_mdd,actual_calmar,actual_ulcer,roi_rank_broken,mdd_rank,calmar_rank,ulcer_rank
crypto,10,1,175,-283.6400275415177,3372.798838797479,-0.8409633692907855,2241.9570250458687,23.200000000000003,3.1,96.9,0.7000000000000001
crypto,10,2,164,-56.30061188417896,1288.9295579581362,-0.4368013095561859,533.2778389022193,8.0,19.3,80.7,58.0
crypto,10,3,206,90.95857419583133,423.0264327332052,2.1501865405464438,194.08973329822982,74.4,96.9,96.9,89.7
crypto,10,4,154,146.13414469459752,721.0657118802038,2.0266411547090164,239.686093216277,41.300000000000004,20.6,20.6,35.4
crypto,10,5,162,52.908184137202575,895.5803597271257,0.5907698126980271,371.07217462423307,59.900000000000006,23.5,23.5,31.3
crypto,10,6,152,51.74177504834847,1050.7379442584756,0.4924327262670956,571.7537901962523,1.7000000000000002,10.8,10.8,3.2
crypto,10,7,191,81.60826392332534,620.5087712232867,1.3151830837530427,320.1725974424723,27.6,71.2,71.2,42.0
crypto,10,8,147,-62.69046097506323,900.8959469767567,-0.695867943300678,505.0269038991115,40.6,57.7,42.300000000000004,52.300000000000004
crypto,10,9,181,-160.34276854589325,1818.2330974100619,-0.8818603553872694,1260.5369065905859,35.2,51.400000000000006,48.6,12.100000000000001
crypto,10,10,231,122.40761490645077,535.5103472801654,2.2858123195593496,204.81340985422767,18.1,71.7,71.7,73.10000000000001
crypto,10,11,160,-70.01111689684828,1136.7559657771553,-0.6158851944004043,564.4922613908514,9.3,40.1,59.900000000000006,54.6
crypto,10,12,146,-45.05510051540629,596.6354408372796,-0.755152936476232,383.4519394641759,39.6,95.0,5.0,70.0
crypto,10,13,174,-188.80620975159778,1999.5570815479903,-0.944240159452864,1050.4013683105259,8.200000000000001,50.7,49.300000000000004,76.0
crypto,10,14,173,-86.87621153386056,1446.9821466750013,-0.6003958772642227,682.3997522065598,1.5,8.0,92.0,40.7
crypto,10,15,247,-25.69708673030582,1319.1817926684685,-0.1947956443389445,701.9340346064644,43.5,9.200000000000001,90.80000000000001,10.0
crypto,10,16,156,-51.40117083827563,788.6675956373138,-0.6517469606030778,448.7943044448637,0.5,74.2,25.8,61.2
crypto,10,17,160,-19.059108454846996,730.6909606808686,-0.26083678983913305,285.33584643270325,9.3,58.5,41.5,84.4
crypto,10,18,157,-58.680343485354015,1045.0572771439934,-0.5615036110338355,451.7478991884908,17.3,35.1,64.9,70.5
crypto,10,19,150,40.847711169304404,257.47979036032643,1.5864433908440214,108.88866664780144,32.300000000000004,100.0,100.0,99.80000000000001
crypto,10,20,173,25.51701314002536,842.7122859599718,0.30279626350715616,393.01373490467194,3.4000000000000004,11.9,11.9,14.600000000000001
crypto,10,21,178,-303.47343676672165,3122.99484087438,-0.9717385145655726,1991.3255717761283,98.4,46.800000000000004,53.2,14.5
crypto,10,22,180,-111.66548651280446,1598.3688856755998,-0.6986214979128902,913.2689140654114,80.80000000000001,21.700000000000003,78.30000000000001,26.1
crypto,10,23,169,-106.56543391198083,1235.7606530202336,-0.8623468764079187,538.4557023111646,0.30000000000000004,87.5,12.5,96.7
crypto,10,24,171,-68.8442272058851,833.0457124509496,-0.8264159598557289,462.33113508957223,66.9,93.7,6.300000000000001,84.4
crypto,10,25,199,73.52769809699161,317.98581161597144,2.3122949330138773,152.4775910178516,34.5,96.0,96.0,81.0
crypto,10,26,221,-279.9435776674086,3280.4694811308455,-0.8533643714036512,2016.8917376028912,50.2,0.9,99.10000000000001,3.1
crypto,10,27,201,21.143359642932477,495.8243871074311,0.42642839264683663,330.58717476241577,3.7,75.5,75.5,25.200000000000003
crypto,10,28,185,-142.40452256245987,1568.0697877733521,-0.9081516886099392,737.8896350361894,68.0,64.2,35.800000000000004,89.9
crypto,10,29,197,-121.75961361721548,1546.2948414898508,-0.7874281821951913,848.3316008222945,0.9,25.6,74.4,42.900000000000006
crypto,10,30,170,-85.21976206385553,927.4497897074529,-0.9188611934532495,572.3322709311709,8.200000000000001,87.0,13.0,62.300000000000004
crypto,15,1,300,-344.4857920371995,3807.37158087969,-0.9047863722237647,2741.0943033517574,23.400000000000002,21.400000000000002,78.60000000000001,1.2000000000000002
crypto,15,2,259,-71.89589529311131,1288.9295579581362,-0.5577953802766812,604.7009521085974,46.800000000000004,56.900000000000006,43.1,73.5
crypto,15,3,331,-12.243796125107053,1253.3179359879923,-0.09769106284635791,363.55888145773974,21.700000000000003,41.300000000000004,58.7,93.7
crypto,15,4,241,211.75970316832516,721.0657118802038,2.9367601271200985,224.73285858935685,9.9,39.7,39.7,60.5
crypto,15,5,228,80.26288078085695,895.5803597271257,0.8962108191532051,327.1662911518631,59.800000000000004,41.1,41.1,59.0
crypto,15,6,237,112.25247199366322,1050.7379442584756,1.068320341975294,464.0421252441428,76.5,14.8,14.8,12.700000000000001
crypto,15,7,291,57.36093377588914,1292.703918219088,0.4437283198995269,576.3403493057302,44.900000000000006,19.200000000000003,19.200000000000003,20.200000000000003
crypto,15,8,248,-134.95024906519143,1664.8559119488502,-0.8105821536665062,785.925076950492,22.6,41.400000000000006,58.6,79.2
crypto,15,9,265,-237.15246455324223,2514.774439377588,-0.9430367226570745,1589.0118325498438,6.2,65.4,34.6,30.700000000000003
crypto,15,10,355,157.50185843533805,842.4275662247064,1.8696190004937057,275.2202549466389,49.5,27.0,27.0,49.5
crypto,15,11,233,-31.273762781601576,1136.7559657771553,-0.27511412935687507,547.1429664302683,93.30000000000001,25.8,74.2,36.800000000000004
crypto,15,12,230,-88.74755289577985,964.1895252215592,-0.9204368080579046,469.8474281929244,11.3,97.2,2.8000000000000003,96.10000000000001
crypto,15,13,239,-214.21246697027968,2286.6100598354906,-0.9368124051098207,1346.1245110880702,48.7,61.1,38.900000000000006,50.2
crypto,15,14,254,-112.54260342353477,1715.1301228150883,-0.6561753066223082,954.1955298757415,5.4,23.8,76.2,30.3
crypto,15,15,333,-37.275523752114864,1319.1817926684685,-0.2825654808099887,831.8303984404373,83.9,30.8,69.2,12.200000000000001
crypto,15,16,219,-86.51381923057657,1010.5529730391539,-0.8561037524870512,579.1315097879257,44.5,89.5,10.5,77.80000000000001
crypto,15,17,267,14.410079911897805,742.4136757684385,0.19409771643797633,351.2076057569374,19.200000000000003,64.4,64.4,59.400000000000006
crypto,15,18,226,-47.43863959760928,1075.3762332182505,-0.44113528021389214,529.954183652001,20.900000000000002,50.5,49.5,58.0
crypto,15,19,231,60.36108971355132,328.5864561092817,1.8369926267891077,144.71215035226075,3.9000000000000004,99.7,99.7,99.4
crypto,15,20,264,6.235543123831448,1482.2991512504636,0.04206669833529325,649.0249237864693,79.5,1.8,1.8,8.4
crypto,15,21,265,-293.9175955458158,3464.3530216888435,-0.8484054416675277,2334.575504978797,42.6,5.4,94.60000000000001,1.2000000000000002
crypto,15,22,270,32.257984825065954,1598.3688856755998,0.20181814795169217,852.0904236390088,83.10000000000001,8.5,8.5,6.5
crypto,15,23,250,-248.82289363388165,2569.3794366260395,-0.9684163035126548,1057.6721681284862,1.6,83.7,16.3,99.5
crypto,15,24,283,-150.80107319980132,1582.1546197944087,-0.953137394494332,800.6765251489207,23.5,93.5,6.5,89.80000000000001
crypto,15,25,304,5.914438957357538,981.2142504414435,0.06027673318744261,405.31440866906473,19.1,30.3,30.3,50.6
crypto,15,26,307,-315.08561103554155,3311.706459418754,-0.9514297685998505,2264.66363232785,0.6000000000000001,46.400000000000006,53.6,5.7
crypto,15,27,310,-45.98242424419083,920.1093158415819,-0.4997495781480357,375.01341997431444,2.0,80.30000000000001,19.700000000000003,93.10000000000001
crypto,15,28,277,-240.72431077129676,2437.0631291546306,-0.9877639519941335,1206.8993161517374,3.6,85.80000000000001,14.200000000000001,93.2
crypto,15,29,286,-202.28466391484855,2349.0530810091527,-0.8611327924013837,1310.805844445752,0.9,21.0,79.0,41.400000000000006
crypto,15,30,279,-91.46728043486397,1259.4648464674187,-0.7262392490859422,776.0948809059856,0.5,49.6,50.400000000000006,31.0
crypto,20,1,417,-403.2689319862972,4776.721765895594,-0.8442378512927428,3180.852111672225,6.800000000000001,6.9,93.10000000000001,2.3000000000000003
crypto,20,2,348,-10.634337156336471,1288.9295579581362,-0.08250518494728996,600.4455246005151,48.800000000000004,42.0,58.0,49.300000000000004
crypto,20,3,438,-72.37510553713939,2221.8730373641047,-0.32573915934909053,844.9902929180366,25.6,11.9,88.10000000000001,57.2
crypto,20,4,330,341.1996437133801,721.0657118802038,4.731880022747029,212.71472839274162,34.2,37.800000000000004,37.800000000000004,54.2
crypto,20,5,302,133.3947688832386,895.5803597271257,1.4894784977629774,290.26157637240055,42.0,47.400000000000006,47.400000000000006,74.60000000000001
crypto,20,6,333,107.3548541425916,1050.7379442584756,1.0217091209964233,414.8483120396437,18.900000000000002,43.0,43.0,48.300000000000004
crypto,20,7,372,38.63547578834406,1292.703918219088,0.29887335563715756,593.0939492398037,9.4,44.1,44.1,43.900000000000006
crypto,20,8,341,-175.15419315982703,2274.0797745668815,-0.7702200913034666,1194.3862167535685,89.80000000000001,20.700000000000003,79.30000000000001,46.400000000000006
crypto,20,9,354,-276.68847361937884,3229.0552704287306,-0.8568712841593514,1989.9785589591422,22.0,19.1,80.9,13.600000000000001
crypto,20,10,453,162.014325966753,845.1480217512408,1.9169934945956717,348.33428740813446,36.9,46.400000000000006,46.400000000000006,41.2
crypto,20,11,312,36.82864517230855,1136.7559657771553,0.3239802233818078,514.0078950400058,30.200000000000003,15.9,15.9,20.400000000000002
crypto,20,12,325,-177.4393635237075,2061.110425082463,-0.8608920772238992,963.5463110470515,88.80000000000001,57.5,42.5,87.0
crypto,20,13,318,-205.51699772871098,2332.244648433987,-0.8811982819499994,1558.742978003496,0.9,56.2,43.800000000000004,19.400000000000002
crypto,20,14,335,-244.7827765898251,3004.651775811356,-0.8146793533960374,1406.695529459902,42.0,11.5,88.5,73.8
crypto,20,15,415,-35.96847410003219,1621.278497280709,-0.2218525328027254,967.9405227097299,80.4,12.100000000000001,87.9,6.5
crypto,20,16,307,25.8315623112092,1196.7014113026742,0.21585637041315217,646.3292878811859,53.800000000000004,12.4,12.4,6.800000000000001
crypto,20,17,389,-93.13292885057929,1378.2214134618384,-0.6757472198653953,501.73816932118484,43.1,75.2,24.8,98.60000000000001
crypto,20,18,321,-158.6073618319774,1856.969423905391,-0.8541194043917556,838.9740403100398,0.7000000000000001,67.0,33.0,90.10000000000001
crypto,20,19,316,-18.63971963762627,1364.130097506361,-0.1366418032392937,480.0424658748642,77.10000000000001,19.6,80.4,64.3
crypto,20,20,353,82.65941287645533,1482.2991512504636,0.5576432584928896,570.3528928712357,63.400000000000006,1.9000000000000001,1.9000000000000001,6.9
crypto,20,21,364,-354.8236576858284,3566.636580608289,-0.9948410769266358,2547.3480264906643,55.400000000000006,87.60000000000001,12.4,9.200000000000001
crypto,20,22,350,-39.55461979894513,1598.3688856755998,-0.2474686547856952,788.4899464697605,19.3,33.0,67.0,39.300000000000004
crypto,20,23,321,-252.6468148248859,2889.1172323523615,-0.8744775462751893,1540.0376568045895,11.5,47.800000000000004,52.2,66.0
crypto,20,24,387,-210.740122966745,2741.1761090725336,-0.7687945413986849,1315.7019172531811,24.3,20.1,79.9,63.800000000000004
crypto,20,25,403,40.960897759650216,1074.4417439916442,0.38122958260609763,561.9324449565951,76.80000000000001,25.6,25.6,13.5
crypto,20,26,403,-468.1235449345326,4925.214761862207,-0.9504632134204373,2806.8701982387433,25.3,24.8,75.2,46.6
crypto,20,27,423,-25.24656081634945,1096.4487295905917,-0.23025755910881837,542.1712341801496,28.200000000000003,58.1,41.900000000000006,56.300000000000004
crypto,20,28,397,-256.4382828236191,2638.858903905105,-0.9717771664264804,1651.2098555847178,0.2,85.4,14.600000000000001,44.900000000000006
crypto,20,29,374,-188.9644278358147,2664.0420304675076,-0.7093147393123287,1597.552316016487,49.7,3.8000000000000003,96.2,5.6000000000000005
crypto,20,30,356,-65.5622920881799,1259.4648464674187,-0.5205567449704595,775.379399916705,9.1,46.0,54.0,27.5
forex,10,1,207,-1.672190964964694,16.971519627395082,-0.9852924202883266,8.620021283368558,0.1,83.7,16.3,86.2
forex,10,2,190,-0.2524701259052753,5.3816302884062,-0.4691331666710344,3.5699345166999588,77.5,51.7,48.300000000000004,22.900000000000002
forex,10,3,255,-1.047065177466723,11.341851748938325,-0.923187148487226,6.528635430412125,16.7,76.5,23.5,60.5
forex,10,4,216,-1.0458079690518542,11.55625965484694,-0.9049709856711468,6.909984592411452,3.5,58.5,41.5,45.300000000000004
forex,10,5,147,-0.5669112140566311,7.016772175889173,-0.8079373248067464,3.3859295981916717,35.6,58.0,42.0,77.9
forex,10,6,229,-1.2479768937381615,13.79709903377011,-0.904521226298067,9.825864647383833,69.60000000000001,46.300000000000004,53.7,8.200000000000001
forex,10,7,279,-0.9969602590772891,10.940962938802045,-0.9112180204372842,7.078900322503926,62.800000000000004,77.4,22.6,42.0
forex,10,8,185,-0.30490477106083536,6.357668213372335,-0.4795858494463695,3.2183108022581797,38.2,40.2,59.800000000000004,49.7
forex,10,9,261,-0.7921430083315615,8.240237119262247,-0.96131093907463,4.2831002829112785,3.9000000000000004,96.10000000000001,3.9000000000000004,88.80000000000001
forex,10,10,233,-2.0607791277046497,21.6063612541534,-0.9537835193366979,13.166019539041002,14.100000000000001,38.2,61.800000000000004,30.1
forex,10,11,167,0.06807892308700783,3.6261706285364426,0.1877432974368477,1.7006809390697124,37.6,47.0,47.0,44.5
forex,10,12,233,0.0761377615234748,6.9391827165283075,0.1097215113562635,3.2001331504641697,14.8,6.2,6.2,11.200000000000001
forex,10,13,201,-0.5931962225423313,7.4804023586431185,-0.7930004217713392,3.5403825116229184,52.7,74.3,25.700000000000003,85.4
forex,10,14,272,-1.6748694585753214,17.572394568231516,-0.9531253421791793,8.244078345522857,0.0,64.3,35.7,91.9
forex,10,15,208,-0.3357041651264325,6.5736145534892785,-0.5106842854791973,3.422123136574109,16.400000000000002,31.200000000000003,68.8,42.7
forex,15,1,315,-2.1060950388093667,21.38543034967813,-0.9848270548556276,13.314954910249103,0.0,82.4,17.6,30.200000000000003
forex,15,2,271,-0.15852311580205786,5.3816302884062,-0.29456337077552264,3.6176837503667523,43.5,57.300000000000004,42.7,21.200000000000003
forex,15,3,373,-2.2643489686000855,23.841929696776788,-0.9497339340389905,11.541283346973383,13.3,44.0,56.0,91.5
forex,15,4,338,-1.6198940417758347,16.623290441628797,-0.9744725615328376,10.007116517253989,19.700000000000003,86.7,13.3,52.6
forex,15,5,199,-1.6345871150532048,17.61853120315743,-0.9277658257688751,6.712641801663675,0.30000000000000004,27.400000000000002,72.60000000000001,99.4
forex,15,6,355,-2.383114876109992,24.603158945160658,-0.9686215015810973,15.016465442528506,38.7,60.800000000000004,39.2,35.1
forex,15,7,371,-1.3981561171191084,14.878051501820437,-0.93974410355283,8.82980301793387,0.9,76.10000000000001,23.900000000000002,53.5
forex,15,8,276,-0.40108780441105624,8.94059795436965,-0.4486140708463773,4.8323509319557845,47.0,16.900000000000002,83.10000000000001,22.8
forex,15,9,394,-1.8108718850410717,17.90343572909353,-1.0114661299888712,8.19323537148008,25.3,97.5,2.5,97.9
forex,15,10,331,-3.0770531544382513,31.16988152208546,-0.9871879532997265,17.654884083408977,37.9,71.8,28.200000000000003,63.0
forex,15,11,296,0.4479019297126111,3.6261706285364426,1.2351926469973882,1.5529191978944754,42.7,43.900000000000006,43.900000000000006,36.5
forex,15,12,317,0.3000457503242962,6.9391827165283075,0.4323935001878866,2.8112638232277622,42.2,5.5,5.5,12.600000000000001
forex,15,13,318,-0.9733838380226536,11.591322239056126,-0.8397522025079301,6.663624023669346,36.5,62.0,38.0,54.7
forex,15,14,375,-1.9794584573237053,20.468674482764754,-0.9670672416968034,11.809246043386182,3.5,78.80000000000001,21.200000000000003,59.900000000000006
forex,15,15,353,-1.2370892571453211,14.400455787835654,-0.8590625709155085,5.74274338650297,0.0,36.300000000000004,63.7,95.0
forex,20,1,422,-2.8032360338024236,28.431840293931373,-0.9859495568427062,16.807887257548085,22.5,80.4,19.6,46.400000000000006
forex,20,2,385,-0.5322551780461652,7.12021169074103,-0.7475271820054148,4.095826867036086,61.6,85.5,14.5,68.5
forex,20,3,440,-2.4302198536594113,25.56978895801342,-0.950426246243145,14.17044469682323,78.4,46.0,54.0,62.5
forex,20,4,441,-2.827233210408647,28.996162086044933,-0.9750370418053766,14.08186176793474,0.9,63.6,36.4,94.30000000000001
forex,20,5,284,-2.593442164624145,27.731301612407492,-0.9352039081583503,13.505832361022756,0.2,10.700000000000001,89.30000000000001,88.10000000000001
forex,20,6,428,-3.370564012900126,34.204990073200634,-0.9854012545207371,18.428147431258218,6.6000000000000005,70.10000000000001,29.900000000000002,80.4
forex,20,7,449,-2.018170147195582,20.7039712764456,-0.9747744141683603,10.898774160779823,0.0,84.0,16.0,83.5
forex,20,8,409,-1.0418168228693834,13.463929362957629,-0.7737836368450219,7.167935242254606,60.6,38.5,61.5,56.1
forex,20,9,538,-3.3174937651720233,32.89478460441262,-1.00851664027221,15.318513065629041,0.0,96.7,3.3000000000000003,99.2
forex,20,10,415,-3.093145149489976,33.12391142761578,-0.9338103551717584,21.30135388977504,82.80000000000001,8.9,91.10000000000001,5.9
forex,20,11,389,0.5609429192683494,3.6261706285364426,1.5469291898565494,1.4795993102669416,13.8,55.5,55.5,47.7
forex,20,12,400,0.30638342103570115,6.9391827165283075,0.44152666611001945,2.544429469669284,26.8,10.3,10.3,28.700000000000003
forex,20,13,413,-1.839618607849897,19.944626211987497,-0.9223630406992609,9.242415817182732,40.6,59.0,41.0,92.9
forex,20,14,495,-2.2080185026926396,22.529664959379488,-0.980049417811428,14.418815997057573,0.4,87.7,12.3,35.6
forex,20,15,457,-1.7874414507213805,19.978847746412384,-0.8946669364565094,9.389196235538325,10.100000000000001,35.300000000000004,64.7,85.4
commodity,10,1,173,-120.10268081764266,1190.7377311764267,-1.008640926318707,752.3768115975923,2.9000000000000004,76.7,23.200000000000003,30.1
commodity,10,2,168,67.14001651011883,207.55339742845035,3.2348310045497537,85.2622227899785,29.900000000000002,97.60000000000001,97.60000000000001,95.2
commodity,10,3,262,89.60554418238974,524.3215328121603,1.7089808175871957,253.4906641499606,7.4,31.5,31.5,15.200000000000001
commodity,10,4,232,43.045669477596185,431.2599477595959,0.9981374273502399,198.40259967940125,0.4,69.10000000000001,69.10000000000001,56.300000000000004
commodity,10,5,188,149.86619762344887,335.9878943508893,4.4604642055030705,135.49899268707344,14.100000000000001,11.700000000000001,11.700000000000001,5.1000000000000005
commodity,10,6,190,-23.46661577650602,764.0794871015282,-0.3071227034967876,437.95247420825933,4.4,23.5,76.5,16.400000000000002
commodity,10,7,156,-41.205151293281006,599.3849134013846,-0.6874572644721796,333.5913543379635,42.900000000000006,34.9,65.10000000000001,37.6
commodity,10,8,224,-60.64289826055372,798.084370433484,-0.7598557308873896,425.55474568942736,3.8000000000000003,47.400000000000006,52.6,59.300000000000004
commodity,10,9,514,-30.773585653337115,1177.1825058352947,-0.261417286621169,468.12051779582407,89.80000000000001,12.600000000000001,87.4,47.2
commodity,10,10,347,44.82295069696275,442.229852499991,1.013566823758549,181.67767455190926,57.300000000000004,65.7,65.7,68.9
commodity,10,11,170,266.9752299500011,125.36721374999865,21.295458514567486,35.51065186138551,28.3,56.900000000000006,56.900000000000006,66.0
commodity,10,12,157,-81.92748358817549,806.4856146317557,-1.0158579657441738,451.5875228814077,72.0,94.60000000000001,5.300000000000001,78.80000000000001
commodity,10,13,182,142.23530771375215,202.22028950000004,7.03368134154274,74.68539825648888,47.7,74.60000000000001,74.60000000000001,64.8
commodity,10,14,220,86.23532999032084,353.44267941587805,2.4398674809968863,144.93815615561365,3.8000000000000003,20.0,20.0,14.8
commodity,10,15,198,67.24903587007604,498.2885094914768,1.3496003738618487,174.08156357742197,40.5,1.6,1.6,8.200000000000001
commodity,15,1,293,-142.76757978337508,1428.1607695837492,-0.9996604221595164,955.3031417580224,0.1,82.10000000000001,17.900000000000002,20.400000000000002
commodity,15,2,278,80.12528037975487,229.5445075393659,3.4906206747732234,87.86826494230628,27.400000000000002,98.80000000000001,98.80000000000001,99.10000000000001
commodity,15,3,366,63.68266300552968,855.3469598984288,0.7445243391417665,391.2051870045504,18.6,9.3,9.3,9.0
commodity,15,4,333,46.12209094366367,520.0509680000011,0.8868763598506285,220.00382949322295,7.4,59.800000000000004,59.800000000000004,58.300000000000004
commodity,15,5,290,126.40030621249431,749.3541816768966,1.68678989592928,353.1451018216943,0.1,0.1,0.1,0.0
commodity,15,6,275,62.09206215873924,764.0794871015282,0.81263877917048,394.4390167798691,17.900000000000002,3.3000000000000003,3.3000000000000003,1.4000000000000001
commodity,15,7,233,-54.57650346593792,810.6777418592012,-0.6732206972991839,477.14520069698233,12.200000000000001,22.200000000000003,77.80000000000001,21.6
commodity,15,8,310,-11.16122138555346,808.891105933486,-0.13798175432616552,459.51402702794604,95.30000000000001,13.3,86.7,10.3
commodity,15,9,901,-4.778940440512596,1394.1130072113847,-0.03427943370295218,760.1586121648497,88.7,13.4,86.60000000000001,10.3
commodity,15,10,611,-14.816951232041436,1198.5764297816909,-0.12362124653777984,426.5855577816664,96.10000000000001,11.9,88.10000000000001,55.800000000000004
commodity,15,11,271,239.38742775542227,535.0645269457909,4.473991746787492,164.3691518413968,57.2,0.1,0.1,0.2
commodity,15,12,245,-142.15281692168486,1408.7389479668493,-1.0090784891469475,721.3725345899462,16.0,90.5,9.3,95.0
commodity,15,13,317,187.79438864556792,202.22028950000004,9.286624458401239,70.156500593677,92.10000000000001,90.10000000000001,90.10000000000001,89.2
commodity,15,14,319,96.38421665242467,353.44267941587805,2.7270112599789984,135.34924902601446,73.60000000000001,57.400000000000006,57.400000000000006,55.900000000000006
commodity,15,15,321,215.6893157615698,498.2885094914768,4.328603041271999,139.06422275534152,0.0,0.4,0.4,2.4000000000000004
commodity,20,1,421,-161.77194821794964,1937.2255375341215,-0.8350702852279546,1216.564911533661,3.4000000000000004,6.7,93.30000000000001,4.7
commodity,20,2,405,28.025496841561903,1006.1866493438415,0.27853178990039273,400.57780985746996,62.7,1.4000000000000001,1.4000000000000001,10.700000000000001
commodity,20,3,461,92.63660018517403,1107.3710313977772,0.8365452730711552,518.5641171428696,19.0,1.1,1.1,1.0
commodity,20,4,432,30.951492812678023,590.23422106579,0.5243933968584318,259.2923841419874,78.80000000000001,71.5,71.5,70.10000000000001
commodity,20,5,406,259.0360329538215,749.3541816768966,3.45679038414323,344.88313744088475,0.0,0.0,0.0,0.0
commodity,20,6,363,90.40655277455689,764.0794871015282,1.183208740722861,357.2186489880618,2.3000000000000003,4.800000000000001,4.800000000000001,2.4000000000000004
commodity,20,7,311,-61.439221459180885,954.918046010172,-0.6433978467145485,540.9441291142831,30.400000000000002,31.400000000000002,68.60000000000001,29.700000000000003
commodity,20,8,428,-56.097509474134746,808.891105933486,-0.6935112657642148,491.67447587142857,0.5,77.80000000000001,22.200000000000003,57.7
commodity,20,9,1309,11.25804837186327,1394.1130072113847,0.08075420223201639,782.6027674011052,44.6,28.0,28.0,15.0
commodity,20,10,815,32.412012358392786,1198.5764297816909,0.27042090560963494,462.7333332534483,2.5,15.3,15.3,35.0
commodity,20,11,360,357.72853108042256,535.0645269457909,6.685708228919185,151.46756731639545,15.0,0.1,0.1,0.30000000000000004
commodity,20,12,340,-161.46330621646246,1601.8438409146252,-1.0079840624431262,972.2939496421873,60.300000000000004,93.80000000000001,5.800000000000001,53.0
commodity,20,13,447,221.9601045109719,489.8978734999964,4.530742355038483,111.5498920943766,1.1,5.800000000000001,5.800000000000001,46.400000000000006
commodity,20,14,446,112.39896142970794,353.44267941587805,3.18011853054831,170.61309428020513,1.1,74.5,74.5,39.7
commodity,20,15,417,306.0061349349828,498.2885094914768,6.141143717066128,126.7317241460845,11.9,1.1,1.1,4.5
mixed_30,30,1,555,-405.4148993241251,4404.469670746725,-0.9204624611602602,3185.1661375244475,2.1,8.8,91.2,0.1
mixed_30,30,2,522,10.586934500034568,1288.9295579581362,0.08213741732174962,627.3971317934544,3.4000000000000004,12.700000000000001,12.700000000000001,13.4
mixed_30,30,3,723,179.51705320075436,524.3215328121614,3.4237970780625266,228.8053033855687,50.800000000000004,93.5,93.5,78.30000000000001
mixed_30,30,4,602,188.13400620314187,721.0657118802038,2.6091104195285606,183.21133866047802,66.10000000000001,43.5,43.5,91.4
mixed_30,30,5,497,202.20747054659483,895.5803597271257,2.257837259943992,322.93448883673005,88.2,10.3,10.3,12.200000000000001
mixed_30,30,6,571,27.027182378104314,1050.7379442584756,0.2572209609997274,402.9686447153481,34.1,41.1,41.1,66.4
mixed_30,30,7,626,39.40615237096704,993.0556183353933,0.39681717361431873,515.3831269789138,11.3,33.7,33.7,20.3
mixed_30,30,8,556,-123.63826400667782,1551.2943096137155,-0.7970006931661131,912.192947505215,0.30000000000000004,43.6,56.400000000000006,41.5
mixed_30,30,9,956,-191.90849720756194,2108.034980920786,-0.9103667583530167,1516.2391142152292,74.8,77.0,23.0,19.700000000000003
mixed_30,30,10,811,165.16978647570886,535.5103472801654,3.084343511093656,174.73071654382113,10.9,93.5,93.5,98.2
mixed_30,30,11,497,197.0321919762398,1136.7559657771553,1.7332848729897505,527.4982919157588,45.900000000000006,0.1,0.1,0.1
mixed_30,30,12,536,-126.90644634205832,1345.7784596843437,-0.9429965640245469,657.7727542383658,0.5,86.0,14.0,91.5
mixed_30,30,13,557,-47.16409826038794,2005.9883938437563,-0.23511650618284427,1529.6762167687277,96.9,0.30000000000000004,99.7,0.0
mixed_30,30,14,665,-2.3157510021150305,1446.9821466750013,-0.016004005353047104,1140.3917218013773,15.600000000000001,1.8,98.2,0.0
mixed_30,30,15,653,41.21624497464379,1319.1817926684685,0.3124379460337359,924.0323179009466,59.900000000000006,3.6,3.6,0.2
