window,portfolio_id,port_is_roi,port_oos_roi,port_oos_profitable,std_mc_rank,boot_mc_rank,pct_edge,mean_alpha
0,0,3.895801943179065,0.5892793572690024,False,0.0,44.220000000000006,50.0,-0.04107206427309976
0,1,3.889980066295711,0.49665053318579855,False,0.0,43.4,30.0,-0.05033494668142015
0,2,4.127910134540961,0.6940826924263743,False,0.0,46.14,70.0,-0.030591730757362566
0,3,3.5354739667567676,0.8442434819122947,False,0.0,44.43999999999999,70.0,-0.015575651808770533
0,4,4.088446243952911,1.082338341152432,True,0.0,43.28,60.0,0.008233834115243218
0,5,3.444204395787969,0.2656335263529349,False,0.0,42.540000000000006,70.0,-0.07343664736470651
0,6,2.991537498358652,0.1782637134541506,False,0.0,44.459999999999994,60.0,-0.08217362865458494
0,7,4.202934526017711,1.0679570050786245,True,0.0,43.94,50.0,0.006795700507862446
0,8,3.4986656331759685,0.8542389637592123,False,0.0,44.980000000000004,60.0,-0.014576103624078778
0,9,3.216158883161576,0.7619051407598625,False,0.0,44.739999999999995,60.0,-0.023809485924013753
0,10,4.653622250021357,0.7497819175879942,False,0.0,43.92,50.0,-0.025021808241200583
0,11,3.5946325762382445,0.16826823160723303,False,0.0,43.46,80.0,-0.08317317683927669
0,12,4.422271805236047,0.9394810353330457,False,0.0,46.30000000000001,50.0,-0.00605189646669543
0,13,3.9427956069865937,0.6161302055008323,False,0.0,44.660000000000004,40.0,-0.03838697944991677
0,14,3.8362206307103617,0.384903902366289,False,0.0,44.28,40.0,-0.061509609763371095
0,15,2.7432007172003545,0.25855567394566104,False,0.0,46.02,60.0,-0.0741444326054339
0,16,2.8644018744334234,0.16826823160723303,False,0.0,42.7,70.0,-0.08317317683927669
0,17,2.8943917762467968,0.31694689728766456,False,0.0,41.62,30.0,-0.06830531027123354
0,18,3.928113897244379,1.1602908280779742,True,0.0,45.739999999999995,40.0,0.01602908280779742
0,19,3.04758639347528,0.5819065037778743,False,0.0,45.239999999999995,70.0,-0.04180934962221256
0,20,3.3309047899410436,0.7689829931671364,False,0.0,44.6,40.0,-0.023101700683286364
0,21,4.106581770695221,0.8471472123336959,False,0.0,42.34000000000001,60.0,-0.015285278766630403
0,22,3.891138114742851,0.8882533691804905,False,0.0,44.68,50.0,-0.011174663081950956
0,23,4.096735040382837,1.021819376485478,True,0.0,45.68,40.0,0.0021819376485477894
0,24,4.491555032415338,1.021819376485478,True,0.0,44.44,40.0,0.0021819376485477894
0,25,4.00225621606683,0.8471472123336959,False,0.0,44.0,60.0,-0.015285278766630403
0,26,4.797391198053189,1.4184536842265218,True,0.0,46.28000000000001,50.0,0.04184536842265219
0,27,3.4133546683660843,0.681613180268352,False,0.0,44.32,50.0,-0.03183868197316479
0,28,4.661904644084929,1.5251688432996793,True,0.0,44.940000000000005,60.0,0.05251688432996794
0,29,2.6931151695351985,0.07885203804752694,False,0.0,43.900000000000006,60.0,-0.0921147961952473
0,30,3.126557685781956,0.8542389637592123,False,0.0,47.019999999999996,70.0,-0.014576103624078778
0,31,3.9854032945296485,0.7084640285001821,False,0.0,45.760000000000005,50.0,-0.02915359714998179
0,32,4.190643895235077,1.3504966791478974,True,0.0,43.540000000000006,50.0,0.035049667914789744
0,33,3.6944915305761845,0.9026347052542982,False,0.0,43.019999999999996,60.0,-0.00973652947457018
0,34,3.0321616960159554,0.9126301871012157,False,0.0,44.879999999999995,40.0,-0.008736981289878428
0,35,3.433555553876775,0.3025655612138568,False,0.0,43.22,50.0,-0.06974344387861432
0,36,3.032735122748318,0.9929221475927261,False,0.0,42.66,40.0,-0.0007077852407273877
0,37,3.8849863108715543,0.48957268077852467,False,0.0,42.28,40.0,-0.05104273192214753
0,38,3.425626027993314,1.077952486925542,True,0.0,45.040000000000006,50.0,0.007795248692554199
0,39,3.6677560193942886,0.7546016570933286,False,0.0,45.0,30.0,-0.024539834290667136
0,40,3.0853803103192323,1.0752604887451582,True,0.0,44.019999999999996,30.0,0.007526048874515831
0,41,3.4329608892892205,0.5789888743382308,False,0.0,45.54,50.0,-0.04210111256617693
0,42,3.5059909171735826,0.4403056905047168,False,0.0,46.760000000000005,50.0,-0.05596943094952832
0,43,3.8784389981472946,1.1707930432497635,True,0.0,41.71999999999999,60.0,0.017079304324976344
0,44,3.5641055335014924,0.3508894969450107,False,0.0,45.46,40.0,-0.06491105030549893
0,45,4.112772921666893,0.8327658762598882,False,0.0,44.900000000000006,60.0,-0.016723412374011176
0,46,2.9284250805438448,0.7546016570933286,False,0.0,45.3,30.0,-0.024539834290667136
0,47,2.954087122301427,0.3098690448803907,False,0.0,41.400000000000006,50.0,-0.06901309551196093
0,48,3.292775207641167,0.7639515214207843,False,0.0,44.720000000000006,60.0,-0.023604847857921572
0,49,3.721460387145185,0.7497819175879942,False,0.0,43.239999999999995,50.0,-0.025021808241200583
0,50,4.818164417538817,0.8471472123336959,False,0.0,41.96,40.0,-0.015285278766630403
0,51,3.8222186844382193,0.9949685282536479,False,0.0,43.42,60.0,-0.0005031471746352078
0,52,4.374760826436854,1.2531313844021956,True,0.0,44.14000000000001,70.0,0.02531313844021956
0,53,2.6289087496238017,0.7689829931671364,False,0.0,42.21999999999999,40.0,-0.023101700683286364
0,54,3.518344603020316,0.7546016570933286,False,0.0,44.11999999999999,40.0,-0.024539834290667136
0,55,3.9730942048883597,0.9397760364168998,False,0.0,43.1,40.0,-0.006022396358310021
0,56,4.700339641457635,1.4328350203003297,True,0.0,46.0,50.0,0.043283502030032964
0,57,4.2891332505893445,1.3504966791478974,True,0.0,44.160000000000004,30.0,0.035049667914789744
0,58,3.6577493014979106,0.49665053318579855,False,0.0,43.16,30.0,-0.05033494668142015
0,59,3.1501528611003042,0.7988371756207844,False,0.0,43.24,50.0,-0.020116282437921563
0,60,3.5396402794250617,0.40928072028701423,False,0.0,44.4,50.0,-0.05907192797129858
0,61,3.2442067380396518,0.820296364101866,False,0.0,42.199999999999996,30.0,-0.017970363589813403
0,62,3.7903676977337755,0.5822015048617285,False,0.0,43.620000000000005,40.0,-0.04177984951382715
0,63,4.1440984747222025,1.077952486925542,True,0.0,43.17999999999999,20.0,0.007795248692554199
0,64,3.9534070687479206,1.411375831819248,True,0.0,45.18,50.0,0.0411375831819248
0,65,3.7328218017922836,1.00743804041167,True,0.0,46.440000000000005,50.0,0.0007438040411670155
0,66,4.5399839659951535,1.4257571678930558,True,0.0,45.22,50.0,0.04257571678930557
0,67,3.011234621531493,0.5746030201113406,False,0.0,46.3,20.0,-0.04253969798886595
0,68,3.3576776768170915,0.4751913447047169,False,0.0,44.54,50.0,-0.05248086552952831
0,69,3.5906492007625213,1.082338341152432,True,0.0,44.519999999999996,40.0,0.008233834115243218
0,70,3.621484903040784,1.0,False,0.0,44.260000000000005,40.0,0.0
0,71,3.5682608350136573,0.48957268077852467,False,0.0,43.44,60.0,-0.05104273192214753
0,72,4.332568500012737,1.4213713136661656,True,0.0,47.6,50.0,0.04213713136661655
0,73,3.9016055330234325,0.5889843561851482,False,0.0,43.06,40.0,-0.04110156438148517
0,74,3.956222700569177,1.3454652074015454,True,0.0,46.3,40.0,0.03454652074015453
0,75,3.0468028671001663,0.25125219027912715,False,0.0,46.4,50.0,-0.07487478097208729
0,76,3.7733687452521183,1.3504966791478974,True,0.0,43.480000000000004,40.0,0.035049667914789744
0,77,2.7724059733400583,0.5889843561851482,False,0.0,42.940000000000005,30.0,-0.04110156438148517
0,78,3.748779192818904,1.070874634518268,True,0.0,47.260000000000005,40.0,0.007087463451826812
0,79,3.8999354814661635,1.201818013467466,True,0.0,46.3,40.0,0.0201818013467466
0,80,3.262691779111557,0.8442434819122947,False,0.0,45.68,60.0,-0.015575651808770533
0,81,3.4325319012473634,1.0,False,0.0,43.64,40.0,0.0
0,82,3.131613044410141,0.49665053318579855,False,0.0,42.9,80.0,-0.05033494668142015
0,83,3.4774394870437253,0.7689829931671364,False,0.0,42.06,40.0,-0.023101700683286364
0,84,4.46769560916882,1.4328350203003297,True,0.0,44.260000000000005,60.0,0.043283502030032964
0,85,4.791061532993808,1.2870739840595418,True,0.0,46.8,60.0,0.02870739840595419
0,86,4.241539684688741,1.0321098594162494,True,0.0,44.32000000000001,60.0,0.0032109859416249533
0,87,3.281320333152284,1.0923338229993498,True,0.0,43.699999999999996,50.0,0.009233382299934974
0,88,3.482047001428902,0.7639515214207843,False,0.0,45.160000000000004,40.0,-0.023604847857921572
0,89,3.8749527059953657,0.6017488694270245,False,0.0,48.260000000000005,50.0,-0.03982511305729754
0,90,3.8450172317191447,0.8132185116945921,False,0.0,43.78,40.0,-0.018678148830540788
0,91,3.46676089221259,1.077952486925542,True,0.0,45.42,40.0,0.007795248692554199
0,92,3.6758384046942267,0.8613168161664861,False,0.0,46.18,30.0,-0.013868318383351392
0,93,4.383497421051443,1.3434188267406235,True,0.0,42.940000000000005,30.0,0.03434188267406236
0,94,4.144848284516264,1.1637151908424896,True,0.0,45.0,60.0,0.016371519084248956
0,95,4.049431031440576,0.4364265696026983,False,0.0,44.78000000000001,80.0,-0.05635734303973017
0,96,3.821612729365272,0.6603657240282881,False,0.0,42.440000000000005,70.0,-0.03396342759717119
0,97,3.7592263100584957,0.8882533691804905,False,0.0,44.56,50.0,-0.011174663081950956
0,98,3.967033779960516,1.3504966791478974,True,0.0,44.56,50.0,0.035049667914789744
0,99,4.742442702666532,1.4184536842265218,True,0.0,44.1,50.0,0.04184536842265219
1,0,3.260093400228138,1.1368290366971705,True,3.8200000000000003,42.3,30.0,0.013682903669717056
1,1,3.5369435537715805,0.3243912983950735,False,3.3,43.88,30.0,-0.06756087016049264
1,2,2.93406731116814,-0.08598547840069726,False,0.0,43.019999999999996,30.0,-0.10859854784006973
1,3,4.1055798244590855,1.9912377794955356,True,0.0,44.42,60.0,0.09912377794955356
1,4,3.481194257127627,0.49752569262624946,False,0.0,44.34,30.0,-0.05024743073737505
1,5,3.0054041652587404,0.83951970543498,False,0.0,42.9,40.0,-0.016048029456502
1,6,4.453454349437511,1.246587827465445,True,0.0,43.02,40.0,0.0246587827465445
1,7,4.448093272153613,1.0608711710058083,True,0.0,42.980000000000004,40.0,0.006087117100580821
1,8,3.642410257485948,1.1671923555395423,True,3.8200000000000003,44.26,50.0,0.016719235553954218
1,9,4.456367201289223,0.3701726149937391,False,3.4200000000000004,43.68,30.0,-0.06298273850062609
1,10,4.195500783790516,1.6185220624684558,True,3.8200000000000003,43.3,40.0,0.06185220624684558
1,11,3.6042892396938115,1.8372814594521878,True,3.8200000000000003,43.74000000000001,70.0,0.08372814594521877
1,12,4.496384146517781,1.0250914218172427,True,3.3,43.44,50.0,0.0025091421817242756
1,13,3.9062532193870125,1.2208497582812594,True,3.4200000000000004,45.48,20.0,0.022084975828125936
1,14,3.777845267856044,0.21445672225916057,False,0.0,44.66,40.0,-0.07855432777408394
1,15,3.8293298414772003,1.4684311892785813,True,6.720000000000001,43.760000000000005,40.0,0.04684311892785813
1,16,3.7436729664562214,2.1340963086232527,True,3.4200000000000004,43.32,50.0,0.11340963086232528
1,17,3.5076689707994646,1.3851270837183536,True,3.3,42.04,40.0,0.03851270837183536
1,18,3.5482061927120676,1.8851857151231415,True,6.720000000000001,43.54,70.0,0.08851857151231414
1,19,3.960417509977874,1.390340542435414,True,0.0,43.459999999999994,60.0,0.039034054243541415
1,20,2.967912019936062,2.060726620133786,True,0.0,44.14,60.0,0.10607266201337857
1,21,4.026778614643753,1.8192056471003721,True,7.24,44.04,50.0,0.0819205647100372
1,22,4.079388198374752,1.3783384938549532,True,3.4200000000000004,44.86000000000001,50.0,0.03783384938549532
1,23,3.9289368786390946,2.625856968821143,True,3.8200000000000003,45.32,50.0,0.1625856968821143
1,24,3.264905138358797,1.7919518985648988,True,0.0,41.60000000000001,50.0,0.07919518985648988
1,25,4.144756257943419,0.2714776699299746,False,3.8200000000000003,44.839999999999996,40.0,-0.07285223300700254
1,26,2.8593090849982037,1.5336332713778762,True,3.4200000000000004,43.260000000000005,40.0,0.05336332713778761
1,27,3.2777544954822004,1.5138200766438488,True,0.0,41.879999999999995,60.0,0.051382007664384874
1,28,4.027107560699271,2.3100158212725495,True,3.3,45.480000000000004,70.0,0.13100158212725493
1,29,4.545536936404174,0.7470129905520757,False,3.3,44.0,30.0,-0.025298700944792436
1,30,4.221306102773849,0.4018395632055055,False,3.3,44.519999999999996,20.0,-0.05981604367944945
1,31,4.739483668003217,1.5770243344894892,True,0.0,44.239999999999995,60.0,0.05770243344894893
1,32,3.398906369444095,1.9700479441160006,True,0.0,44.62,40.0,0.09700479441160006
1,33,4.064090686361668,2.0599007547711414,True,3.4200000000000004,42.4,50.0,0.10599007547711412
1,34,3.4292591635467433,0.5792879231421721,False,0.0,43.38,50.0,-0.04207120768578278
1,35,3.2338928403775182,1.2807797691796223,True,3.4200000000000004,43.239999999999995,40.0,0.02807797691796224
1,36,4.596977406127368,2.3148960979621584,True,6.720000000000001,44.92,50.0,0.13148960979621585
1,37,2.930894632666951,1.3766246202849235,True,0.0,43.2,40.0,0.03766246202849235
1,38,3.268135221487893,0.9608738659130063,False,3.3,40.88,50.0,-0.003912613408699377
1,39,3.8851088842150823,1.8738311808114774,True,7.12,43.7,60.0,0.08738311808114775
1,40,3.986777887225099,1.3861020852166688,True,3.3,42.18000000000001,70.0,0.03861020852166687
1,41,3.5792042438884955,0.137398973164238,False,0.0,43.82,30.0,-0.0862601026835762
1,42,4.475542318679111,1.0858341972859376,True,7.24,45.379999999999995,30.0,0.008583419728593764
1,43,3.71400810783162,1.9433117839766811,True,3.3,43.46,70.0,0.09433117839766811
1,44,3.7728678601475805,1.280126976690107,True,3.8200000000000003,43.839999999999996,50.0,0.0280126976690107
1,45,4.132573116435863,1.506612661878326,True,3.4200000000000004,45.26,60.0,0.05066126618783261
1,46,4.09001725963051,2.0300398876906414,True,3.4200000000000004,46.18000000000001,50.0,0.10300398876906416
1,47,4.471966669919834,0.13297820500333057,False,0.0,46.58,20.0,-0.08670217949966694
1,48,4.070135047609105,1.3530612733867287,True,3.8200000000000003,46.16,20.0,0.03530612733867285
1,49,4.077734997385398,0.6571051960126797,False,0.0,44.28,40.0,-0.03428948039873204
1,50,3.994384586987948,1.2219503573017882,True,3.3,42.94,60.0,0.022195035730178826
1,51,4.5066571111627844,1.9007625646711748,True,7.12,44.7,80.0,0.09007625646711748
1,52,3.465897107788481,1.92349053503727,True,3.3,43.54,50.0,0.09234905350372699
1,53,3.35322664815361,0.8281319365918978,False,0.0,44.300000000000004,40.0,-0.017186806340810223
1,54,3.930360157985178,-0.4243165285324906,False,3.3,44.6,20.0,-0.14243165285324905
1,55,3.7004754281531884,1.0032456569522528,True,3.8200000000000003,44.8,50.0,0.00032456569522527624
1,56,5.015485283128972,0.9067175467713184,False,7.12,44.74,50.0,-0.009328245322868156
1,57,4.409889833769481,1.4369715349628724,True,7.12,46.44,50.0,0.04369715349628724
1,58,4.566875198702855,1.2879583588340522,True,7.24,44.019999999999996,70.0,0.028795835883405212
1,59,4.088919078285215,1.3793144948930518,True,7.12,41.84,80.0,0.03793144948930518
1,60,3.984196847740834,2.6060011783418626,True,3.4200000000000004,43.54,70.0,0.16060011783418626
1,61,4.749628784525745,1.0058432797439236,True,7.24,46.019999999999996,40.0,0.0005843279743923624
1,62,3.446461880527214,1.877757119643754,True,3.4200000000000004,44.10000000000001,50.0,0.08777571196437538
1,63,5.057719367250835,0.764949345990068,False,3.3,43.2,50.0,-0.023505065400993192
1,64,4.034897273790518,1.1992529653240405,True,3.3,43.14,60.0,0.019925296532404053
1,65,4.782692203812524,1.2794676040244224,True,6.720000000000001,45.879999999999995,50.0,0.02794676040244225
1,66,3.9800473368809484,2.476003713876295,True,10.540000000000001,44.879999999999995,60.0,0.1476003713876295
1,67,3.739660890525813,1.67894629059178,True,0.0,43.02,50.0,0.06789462905917801
1,68,4.735909883664002,0.7347302495994004,False,3.3,45.2,50.0,-0.026526975040059964
1,69,3.521737204419126,0.1784440047362612,False,3.3,44.6,40.0,-0.08215559952637388
1,70,4.61332069984409,0.3183466206652714,False,0.0,44.519999999999996,40.0,-0.06816533793347286
1,71,4.087372418247775,1.3143038800301874,True,0.0,44.42,40.0,0.03143038800301874
1,72,3.6338596943421386,0.9838915059952976,False,6.720000000000001,42.36,40.0,-0.0016108494004702357
1,73,3.6921629529482978,0.14280989305092362,False,3.3,44.62,30.0,-0.08571901069490764
1,74,3.6184834519198352,1.7835045114179402,True,0.0,44.459999999999994,60.0,0.07835045114179404
1,75,3.299018213460258,0.7831583733466959,False,0.0,45.3,30.0,-0.021684162665330405
1,76,4.386781024737372,2.6209810023160154,True,10.540000000000001,45.64,60.0,0.1620981002316015
1,77,3.5605797955833474,0.6548175577971976,False,3.8200000000000003,45.54,40.0,-0.034518244220280235
1,78,4.286141009333529,0.44454626263812214,False,0.0,44.839999999999996,30.0,-0.055545373736187786
1,79,4.027857761579398,2.2356011534244398,True,7.12,45.739999999999995,70.0,0.12356011534244397
1,80,3.6794374780673995,0.5913609337959238,False,0.0,44.08,60.0,-0.040863906620407627
1,81,4.4930261305183175,0.30346149953350887,False,0.0,45.599999999999994,10.0,-0.06965385004664912
1,82,4.069148109187609,-0.3211161617993512,False,3.3,42.86,50.0,-0.1321116161799351
1,83,4.371226505976278,2.079015327631987,True,3.4200000000000004,45.32,40.0,0.1079015327631987
1,84,3.448906343926756,0.8709918050043852,False,3.3,44.2,20.0,-0.012900819499561473
1,85,5.141165299214033,0.7867798919769247,False,0.0,44.440000000000005,40.0,-0.02132201080230753
1,86,4.69635717923331,1.053264992804576,True,3.3,44.74,50.0,0.005326499280457612
1,87,2.805558023428786,1.882779067107412,True,0.0,42.58,50.0,0.0882779067107412
1,88,4.058903231503312,1.4775821113367347,True,3.4200000000000004,44.14,50.0,0.04775821113367347
1,89,4.8032314355617505,1.0044872769197106,True,3.8200000000000003,45.260000000000005,40.0,0.00044872769197105815
1,90,4.9918595915802015,0.8052576466037719,False,3.3,43.959999999999994,50.0,-0.019474235339622815
1,91,3.8795387287077268,0.8225431140459146,False,3.4200000000000004,42.15999999999999,60.0,-0.01774568859540854
1,92,4.6928194433936286,0.9872107066582831,False,3.3,43.879999999999995,70.0,-0.0012789293341716901
1,93,3.6477985585212465,1.9094693420020161,True,0.0,43.26,50.0,0.0909469342002016
1,94,3.9376409742419094,1.3837344377170897,True,3.3,43.86,60.0,0.03837344377170896
1,95,4.5421933068245295,2.5385192816346893,True,3.8200000000000003,44.94,70.0,0.15385192816346893
1,96,4.048822842949926,0.7286102294592871,False,3.3,45.040000000000006,40.0,-0.027138977054071284
1,97,4.132345942623697,1.4085013639389812,True,7.12,44.959999999999994,50.0,0.04085013639389811
1,98,2.9372422757386056,1.3434136365904918,True,0.0,43.88,40.0,0.03434136365904919
1,99,3.413305359295326,2.0448652653644723,True,3.4200000000000004,43.540000000000006,80.0,0.10448652653644723
2,0,4.619499102026801,0.5201092636277916,False,0.0,50.459999999999994,10.0,-0.04798907363722084
2,1,3.9761842361820614,1.298743455256096,True,0.0,49.7,10.0,0.029874345525609587
2,2,4.661559272653014,0.9466895274560567,False,0.0,50.28,10.0,-0.005331047254394328
2,3,3.4307128563811,1.3926591370923382,True,0.0,50.12,0.0,0.03926591370923383
2,4,4.071935696144773,0.6279103020966361,False,0.0,52.459999999999994,10.0,-0.03720896979033639
2,5,3.7650251836574014,0.8400537265250075,False,0.0,49.760000000000005,20.0,-0.015994627347499242
2,6,4.380257590212767,0.7959713872822699,False,0.0,51.5,10.0,-0.020402861271773008
2,7,4.829643411917357,0.9682168285093175,False,0.0,50.739999999999995,0.0,-0.003178317149068257
2,8,4.630456695147219,0.990951845215462,False,0.0,50.74000000000001,10.0,-0.0009048154784537975
2,9,4.290406975689271,1.5169866015123934,True,0.0,50.300000000000004,10.0,0.05169866015123935
2,10,3.2138039597125325,0.8297409776628636,False,0.0,48.86,10.0,-0.017025902233713645
2,11,4.048930723269782,1.0904793400928459,True,0.0,49.52,10.0,0.009047934009284591
2,12,3.1355216923862357,1.5322563094470472,True,0.0,48.040000000000006,0.0,0.05322563094470471
2,13,3.3596410379004467,0.5801896849432555,False,0.0,49.540000000000006,10.0,-0.041981031505674456
2,14,3.6083010367252095,0.995933768492077,False,0.0,49.24,10.0,-0.0004066231507922957
2,15,4.812734676310187,1.068827485033502,True,0.0,48.5,10.0,0.0068827485033502
2,16,4.7412647039974365,1.3608473692308287,True,0.0,50.220000000000006,10.0,0.03608473692308286
2,17,3.75632409022122,1.1368494785918675,True,0.0,51.34000000000001,0.0,0.013684947859186742
2,18,4.00582110226724,1.4133858000083495,True,0.0,50.74,0.0,0.04133858000083494
2,19,4.575277074159143,1.2504573084563435,True,0.0,50.04,0.0,0.02504573084563435
2,20,3.6945208165081054,0.6784165749491391,False,0.0,49.28,10.0,-0.032158342505086084
2,21,3.6614319224715643,0.8405418018754441,False,0.0,49.94,10.0,-0.015945819812455582
2,22,4.06899109433564,1.134831017511505,True,0.0,49.260000000000005,10.0,0.01348310175115051
2,23,3.9426019043025216,1.5646169528539062,True,0.0,50.38000000000001,10.0,0.05646169528539062
2,24,4.570167381670567,1.000726943372682,True,0.0,48.62,10.0,7.269433726818875e-05
2,25,4.14928602495444,1.2632151939867253,True,0.0,49.3,20.0,0.026321519398672538
2,26,3.604809599532021,1.2450938881296645,True,0.0,48.42,10.0,0.024509388812966444
2,27,3.3891561387055944,1.2421546024052883,True,0.0,49.580000000000005,10.0,0.02421546024052883
2,28,3.19402733859284,1.301667810461607,True,0.0,47.660000000000004,0.0,0.0301667810461607
2,29,3.594327107218551,0.9415493530027444,False,0.0,49.900000000000006,10.0,-0.0058450646997255575
2,30,3.5423803978169977,1.2356638435188232,True,0.0,50.019999999999996,0.0,0.023566384351882314
2,31,4.663740230495596,1.2573814071464462,True,0.0,50.88,0.0,0.025738140714644624
2,32,3.139731019025341,1.4239398205022769,True,0.0,47.84000000000001,0.0,0.04239398205022768
2,33,4.14261827041343,0.8457019093046964,False,0.0,50.58,20.0,-0.015429809069530362
2,34,4.644749165958784,1.0895999406864247,True,0.0,50.26,10.0,0.008959994068642483
2,35,3.3488614648568484,1.1866651764100324,True,0.0,50.1,10.0,0.018666517641003244
2,36,3.6919552755305864,1.2795613566347577,True,0.0,49.02,10.0,0.027956135663475774
2,37,4.165022240374117,1.3633167269854944,True,0.0,48.3,0.0,0.03633167269854945
2,38,3.0251845171063154,1.30169361992108,True,0.0,47.14,0.0,0.030169361992108013
2,39,3.3367174873052385,1.184672959253924,True,0.0,47.84,0.0,0.018467295925392396
2,40,3.605473784780968,1.4170791669446041,True,0.0,48.08,10.0,0.04170791669446041
2,41,2.773597859695626,1.3420732509177475,True,0.0,47.03999999999999,0.0,0.03420732509177475
2,42,4.165675056834477,1.4153849272924166,True,0.0,50.22,10.0,0.04153849272924166
2,43,4.1611634751860676,0.837950280720537,False,0.0,51.260000000000005,10.0,-0.016204971927946295
2,44,4.538656601672728,1.2190419277079736,True,0.0,50.980000000000004,10.0,0.021904192770797366
2,45,3.902200295205227,1.690030352097808,True,0.0,51.7,0.0,0.06900303520978078
2,46,4.018279491335284,1.334301222042668,True,0.0,48.940000000000005,0.0,0.03343012220426679
2,47,3.1099484865017435,1.6143777167675781,True,0.0,48.98,0.0,0.06143777167675781
2,48,3.449118231265512,1.464597396628435,True,0.0,48.02,10.0,0.04645973966284348
2,49,3.7563647742132233,1.1715428451939085,True,0.0,49.03999999999999,0.0,0.01715428451939084
2,50,4.2339154468599425,0.45152644699895217,False,0.0,51.00000000000001,10.0,-0.05484735530010478
2,51,3.6399831279960173,0.9662471554123415,False,0.0,49.739999999999995,10.0,-0.0033752844587658522
2,52,3.612253307768222,1.4005022077629932,True,0.0,49.260000000000005,0.0,0.040050220776299314
2,53,4.676304651332614,1.1808246817764505,True,0.0,50.3,0.0,0.01808246817764505
2,54,3.4821435619849566,1.2417362190030188,True,0.0,46.940000000000005,0.0,0.024173621900301874
2,55,4.206934945147082,1.1101088855048176,True,0.0,48.36,10.0,0.011010888550481749
2,56,4.377626481678762,1.425869026990736,True,0.0,49.88,0.0,0.0425869026990736
2,57,4.256425700801138,0.8776545030843408,False,0.0,49.56,10.0,-0.012234549691565916
2,58,3.6806231078643363,1.29084554640658,True,0.0,48.620000000000005,0.0,0.02908455464065799
2,59,4.127860913338651,1.4361534584619913,True,0.0,48.86,0.0,0.043615345846199124
2,60,3.1569741887459832,1.0757071341191933,True,0.0,51.8,20.0,0.007570713411919336
2,61,4.259954474734721,1.0286951854659567,True,0.0,51.42,10.0,0.002869518546595682
2,62,4.324818491245065,0.9741662189331043,False,0.0,49.34,0.0,-0.002583378106689569
2,63,3.719460383355318,1.0041660687518557,True,0.0,50.08,0.0,0.0004166068751855612
2,64,5.296420696554058,1.0232303185266833,True,0.0,51.36,10.0,0.0023230318526683428
2,65,2.934755521064202,0.8743585106924772,False,0.0,49.620000000000005,20.0,-0.012564148930752283
2,66,3.900702162289574,0.9829650772228716,False,0.0,48.22,20.0,-0.001703492277712835
2,67,3.568717510611452,1.0139092132835879,True,0.0,50.38,10.0,0.0013909213283587805
2,68,4.331361977873625,0.8517167322132717,False,0.0,50.38,20.0,-0.014828326778672834
2,69,4.41487873802007,0.6824561451746824,False,0.0,51.419999999999995,20.0,-0.03175438548253175
2,70,4.136577045870496,1.58453917455627,True,0.0,49.779999999999994,0.0,0.058453917455627
2,71,4.1465623014042166,0.5920886755794491,False,0.0,49.800000000000004,20.0,-0.04079113244205509
2,72,4.354132790416661,1.3684140316562505,True,0.0,51.21999999999999,0.0,0.03684140316562505
2,73,4.303226851470514,1.0705217246856895,True,0.0,50.56000000000001,10.0,0.007052172468568952
2,74,4.296645070110872,0.829920050026917,False,0.0,51.94000000000001,20.0,-0.01700799499730829
2,75,4.917769055634944,1.3665381222274307,True,0.0,51.7,0.0,0.03665381222274306
2,76,2.862758024220743,0.987146519509563,False,0.0,48.22,10.0,-0.0012853480490436996
2,77,4.030675569303449,1.5756014127277929,True,0.0,48.980000000000004,0.0,0.05756014127277929
2,78,4.292491245217612,1.7077306910213201,True,0.0,51.720000000000006,0.0,0.07077306910213202
2,79,4.262483301365283,1.5444411680468277,True,0.0,49.099999999999994,0.0,0.05444411680468277
2,80,3.445104460228184,1.6534972306473863,True,0.0,49.0,0.0,0.06534972306473864
2,81,3.6716936491737657,0.9423553925612025,False,0.0,51.14,10.0,-0.005764460743879747
2,82,4.478122792828523,1.2693801106443194,True,0.0,48.78,10.0,0.026938011064431937
2,83,3.9744370215922724,0.9207414045465463,False,0.0,48.94,10.0,-0.007925859545345375
2,84,4.063920402483905,1.4799303465842688,True,0.0,49.58,0.0,0.04799303465842689
2,85,4.242318316419362,1.2140363038657005,True,0.0,49.44,10.0,0.021403630386570043
2,86,3.8901630357342527,1.0437235790230193,True,0.0,49.260000000000005,10.0,0.004372357902301926
2,87,4.918023148016273,1.0181362363759259,True,0.0,49.32000000000001,10.0,0.0018136236375925919
2,88,3.863347393184661,1.0305962438008773,True,0.0,48.18,10.0,0.0030596243800877334
2,89,3.696881974873139,0.976104423665199,False,0.0,51.10000000000001,10.0,-0.002389557633480104
2,90,3.6282760553881035,1.3033287733889667,True,0.0,48.2,0.0,0.03033287733889666
2,91,2.918710066988274,1.8336032801368578,True,0.0,47.800000000000004,0.0,0.08336032801368579
2,92,4.010209637743961,1.5287568729126586,True,0.0,50.88000000000001,0.0,0.05287568729126587
2,93,4.466716660526463,0.9320417022094507,False,0.0,49.66,10.0,-0.006795829779054933
2,94,4.388279026295711,0.8764550012313854,False,0.0,49.86,0.0,-0.012354499876861453
2,95,3.623446398388355,1.6152810153218289,True,0.0,47.7,10.0,0.06152810153218289
2,96,4.36877721145458,1.4421076754996287,True,0.0,49.48,0.0,0.04421076754996286
2,97,3.860027953231234,0.8794509404086928,False,0.0,48.800000000000004,10.0,-0.01205490595913072
2,98,4.964788808046635,1.1627201410460486,True,0.0,50.92,10.0,0.016272014104604854
2,99,3.044686308684148,0.77043634251447,False,0.0,48.739999999999995,20.0,-0.022956365748552993
3,0,4.188238854155927,1.126368932530266,True,5.68,46.74,40.0,0.012636893253026586
3,1,3.130751313391781,1.1940486896800728,True,0.0,45.800000000000004,30.0,0.019404868968007277
3,2,4.495749586134147,1.227252941855898,True,0.0,46.34,50.0,0.022725294185589787
3,3,4.462709973362896,1.2392297403903771,True,5.68,47.3,50.0,0.023922974039037714
3,4,3.604671067871096,0.6514439472590524,False,0.0,46.440000000000005,30.0,-0.03485560527409476
3,5,3.4374482134723605,1.3672345372708192,True,0.0,44.9,40.0,0.03672345372708193
3,6,3.2375959688299223,1.4820032683128326,True,0.0,46.88,50.0,0.04820032683128326
3,7,4.946666732356573,1.3349850799180465,True,5.68,43.559999999999995,40.0,0.033498507991804656
3,8,3.843512259985082,1.5998034627809754,True,0.0,43.040000000000006,50.0,0.05998034627809753
3,9,5.214945604715078,0.6556284299495931,False,5.68,45.82000000000001,40.0,-0.03443715700504068
3,10,3.8572303265073726,1.741483561780671,True,5.68,46.86,50.0,0.07414835617806712
3,11,3.4750227185188534,0.7941095152476673,False,0.0,45.4,30.0,-0.020589048475233275
3,12,3.179710776008508,1.5459562876548159,True,0.0,46.440000000000005,60.0,0.054595628765481574
3,13,3.275118301887721,1.203486727162494,True,0.0,44.620000000000005,20.0,0.0203486727162494
3,14,3.480642626896573,1.1552145938015954,True,0.0,43.86,40.0,0.015521459380159548
3,15,3.1855418152894437,1.049202470816087,True,0.0,47.120000000000005,30.0,0.004920247081608693
3,16,3.339544701336161,1.2569955173005416,True,0.0,46.02,40.0,0.025699551730054164
3,17,2.6606830869928166,1.0591450602525176,True,0.0,45.7,30.0,0.005914506025251764
3,18,5.020117835567419,1.1105124437087932,True,5.68,46.3,40.0,0.011051244370879329
3,19,3.086181920498281,1.6464071738798192,True,0.0,45.22,30.0,0.06464071738798191
3,20,3.395441531564406,1.8785152062983803,True,0.0,43.84,50.0,0.08785152062983803
3,21,2.959552119370361,1.1821639036344767,True,0.0,45.720000000000006,30.0,0.018216390363447677
3,22,4.161940022826022,1.2259006161915045,True,0.0,44.44,50.0,0.022590061619150455
3,23,3.060096529248196,1.595158259003274,True,0.0,45.06,30.0,0.05951582590032741
3,24,4.175290368212529,1.6326562869077093,True,5.68,45.24,50.0,0.06326562869077093
3,25,4.055180299233153,1.1753987594717539,True,5.68,46.18000000000001,50.0,0.01753987594717539
3,26,4.401821137790132,1.8211491942197875,True,5.68,44.160000000000004,60.0,0.08211491942197877
3,27,4.0439666648850325,1.0323793104302774,True,0.0,46.28,50.0,0.003237931043027746
3,28,4.184493888544616,0.8737564565049845,False,5.68,46.46,30.0,-0.012624354349501548
3,29,3.3980546365323234,2.2106921528812897,True,0.0,45.8,50.0,0.12106921528812895
3,30,4.370324571408815,1.4526406443776025,True,0.0,44.28,40.0,0.04526406443776025
3,31,3.823267833795292,1.739010480810203,True,5.68,47.160000000000004,50.0,0.0739010480810203
3,32,4.266271552814361,1.607779270921815,True,5.68,43.7,40.0,0.060777927092181515
3,33,3.265400124463128,1.234611052826893,True,0.0,44.980000000000004,30.0,0.023461105282689305
3,34,3.369437656594864,1.8841917769365708,True,0.0,43.519999999999996,40.0,0.08841917769365708
3,35,3.256773068877084,1.9719089427853171,True,0.0,46.50000000000001,50.0,0.09719089427853171
3,36,4.477152451562533,1.284556237731101,True,5.68,48.160000000000004,50.0,0.0284556237731101
3,37,3.563729026943456,1.1088163587369197,True,0.0,45.32,40.0,0.01088163587369197
3,38,3.3686608486171954,1.8726720409285151,True,0.0,43.82000000000001,40.0,0.08726720409285152
3,39,4.147078578661783,1.1300255184795402,True,0.0,46.300000000000004,50.0,0.013002551847954031
3,40,2.9981884805966112,1.4703786755923556,True,0.0,45.96,30.0,0.047037867559235544
3,41,5.3056681535816645,1.0717426821606377,True,5.68,45.58,70.0,0.007174268216063781
3,42,4.876055455356641,1.6104359119029243,True,5.68,45.06,50.0,0.061043591190292436
3,43,4.617576756165739,1.4446795926530431,True,5.68,46.74000000000001,60.0,0.04446795926530432
3,44,3.197576849397888,1.8991504012080802,True,0.0,42.46,40.0,0.08991504012080803
3,45,4.375553153254611,1.770042610178795,True,5.68,45.42,40.0,0.0770042610178795
3,46,3.553553365866617,1.6579123134884803,True,0.0,45.2,50.0,0.06579123134884804
3,47,3.05784145456155,1.429683078881296,True,0.0,46.42,20.0,0.04296830788812961
3,48,3.3819620689369,1.093079628099742,True,0.0,48.32000000000001,50.0,0.009307962809974198
3,49,3.7636007143879993,1.3109354434868215,True,0.0,44.84000000000001,40.0,0.03109354434868214
3,50,4.325639792646537,1.6493132299726234,True,5.68,44.660000000000004,40.0,0.06493132299726236
3,51,3.582571723421147,1.4258580121555897,True,0.0,44.50000000000001,40.0,0.04258580121555898
3,52,4.329141613584895,1.8267562271942757,True,0.0,45.6,50.0,0.08267562271942756
3,53,5.0902981060020895,0.7851721230493448,False,5.68,46.58,50.0,-0.021482787695065522
3,54,4.109909685295265,1.9052467098451165,True,0.0,44.620000000000005,50.0,0.09052467098451164
3,55,4.152032709177672,0.8036001594155555,False,0.0,47.260000000000005,20.0,-0.019639984058444453
3,56,3.947740428708429,1.0896816972816374,True,5.68,48.34,40.0,0.008968169728163744
3,57,4.1860579043005455,1.0596277946561496,True,0.0,47.3,40.0,0.005962779465614956
3,58,3.2049016038804363,2.006613901776631,True,0.0,44.800000000000004,60.0,0.1006613901776631
3,59,3.6180760469440236,1.3965124374531765,True,0.0,44.38000000000001,50.0,0.03965124374531765
3,60,3.894297754843445,1.4406134120613086,True,5.68,45.260000000000005,20.0,0.04406134120613085
3,61,5.249379081650761,1.8188027434326497,True,5.68,46.620000000000005,50.0,0.08188027434326497
3,62,3.2440033860852395,1.0628624435565994,True,0.0,47.660000000000004,50.0,0.006286244355659951
3,63,3.2880606207938974,2.147569280615377,True,0.0,43.02,50.0,0.11475692806153767
3,64,4.225780461490921,1.587656739234169,True,0.0,45.96,50.0,0.058765673923416896
3,65,3.3901800868830967,1.1407477763800151,True,0.0,48.96,40.0,0.014074777638001513
3,66,3.3141213005160433,1.9700722241754143,True,0.0,44.88000000000001,60.0,0.09700722241754142
3,67,3.360744284825893,0.7893708937248044,False,0.0,42.940000000000005,20.0,-0.021062910627519558
3,68,4.084426273536898,1.6439183922571288,True,0.0,47.08,40.0,0.06439183922571287
3,69,4.407830765526041,1.578237307285907,True,0.0,43.260000000000005,60.0,0.05782373072859072
3,70,4.052785953436329,1.8630509709692855,True,0.0,45.8,50.0,0.08630509709692855
3,71,4.127357517730009,0.6427829047086527,False,0.0,46.660000000000004,50.0,-0.035721709529134726
3,72,2.788186754192958,1.3172624058515487,True,0.0,45.580000000000005,30.0,0.03172624058515487
3,73,3.2307536031400117,1.8347197569591345,True,0.0,45.16,50.0,0.08347197569591344
3,74,3.577880653573313,2.0119343403695193,True,0.0,46.540000000000006,60.0,0.10119343403695194
3,75,3.1041747518787064,1.5873309999066123,True,0.0,47.0,60.0,0.058733099990661244
3,76,4.075696320166706,1.3400030669906693,True,5.68,45.660000000000004,40.0,0.034000306699066916
3,77,3.6869597896168953,1.53672986503696,True,5.68,47.02,20.0,0.053672986503695994
3,78,3.308223257473766,0.948252781408865,False,0.0,46.36,30.0,-0.005174721859113496
3,79,5.373942438342373,1.4610878814177692,True,5.68,45.3,50.0,0.04610878814177692
3,80,3.051192692617758,1.0613071861396526,True,0.0,45.8,20.0,0.006130718613965263
3,81,3.609664170612075,1.3105265157657882,True,0.0,45.980000000000004,60.0,0.031052651576578806
3,82,3.356144926039101,0.9291708892693323,False,0.0,48.50000000000001,30.0,-0.0070829110730667635
3,83,4.437352128510112,1.2997045784171495,True,0.0,43.519999999999996,50.0,0.029970457841714936
3,84,4.224279919517996,1.5635845500915684,True,0.0,46.02,40.0,0.05635845500915684
3,85,5.317336779161754,1.452468552266694,True,5.68,46.42,70.0,0.04524685522666941
3,86,3.4405426417621343,1.4780224928349204,True,0.0,45.32000000000001,30.0,0.04780224928349204
3,87,3.1403681375689048,2.049155791314701,True,0.0,45.56,30.0,0.10491557913147012
3,88,4.41588505519446,1.7753177645494176,True,5.68,45.10000000000001,60.0,0.07753177645494176
3,89,3.07289230759739,1.4204163989496044,True,0.0,43.60000000000001,20.0,0.042041639894960424
3,90,4.311258836507845,0.9086787827003912,False,0.0,44.54,40.0,-0.009132121729960887
3,91,3.7624436450851633,1.652458908703298,True,0.0,43.54,20.0,0.0652458908703298
3,92,2.6325014002191782,0.774105165238679,False,0.0,45.36,20.0,-0.022589483476132093
3,93,3.972247280098572,1.014395990733142,True,5.68,46.36,20.0,0.001439599073314186
3,94,4.424786859251583,1.6317939140678592,True,5.68,44.02,50.0,0.06317939140678591
3,95,4.1580309448350885,0.7821468166107344,False,5.68,47.96000000000001,40.0,-0.02178531833892656
3,96,3.3883965820094524,1.0587657110443607,True,0.0,43.660000000000004,40.0,0.005876571104436077
3,97,4.33245659184248,1.5331046793096712,True,5.68,46.44000000000001,50.0,0.05331046793096712
3,98,3.322537587794568,2.367017289071348,True,0.0,45.1,60.0,0.13670172890713478
3,99,5.2345062770858855,2.0277646331937396,True,5.68,44.38000000000001,60.0,0.10277646331937398
4,0,5.237043930921891,0.4064152808330842,False,2.7800000000000002,45.81999999999999,0.0,-0.05935847191669158
4,1,6.508927076740123,1.2810005522508483,True,2.7800000000000002,48.68,10.0,0.02810005522508483
4,2,5.063134175738183,1.3771336081533927,True,2.7800000000000002,46.58,0.0,0.037713360815339256
4,3,7.269568863269754,0.33876653098698006,False,0.0,47.64,0.0,-0.06612334690130199
4,4,5.243530399165674,1.4042605685035308,True,0.0,45.52,10.0,0.04042605685035307
4,5,6.046538957843255,1.6034736729086627,True,3.66,46.980000000000004,0.0,0.06034736729086626
4,6,7.065226533396326,1.2982861097333207,True,8.32,47.58,0.0,0.029828610973332066
4,7,6.827204380815653,1.6576239176701564,True,11.1,47.260000000000005,10.0,0.06576239176701565
4,8,7.423220538789809,-0.02032897999017602,False,0.0,47.52,0.0,-0.1020328979990176
4,9,4.722722401833632,1.6538507762140686,True,8.32,46.419999999999995,20.0,0.06538507762140686
4,10,6.064086656709749,1.584774984824457,True,11.1,46.89999999999999,10.0,0.0584774984824457
4,11,6.292133715399622,1.2741614067030615,True,0.0,44.36,30.0,0.02741614067030616
4,12,5.104620252251672,0.7436343935134951,False,0.0,46.480000000000004,20.0,-0.025636560648650487
4,13,4.358652839688428,1.591281972384341,True,7.44,45.52,0.0,0.059128197238434085
4,14,5.278238963443181,1.4525383023567067,True,8.32,44.76,0.0,0.04525383023567066
4,15,4.320798458567994,1.242993156067949,True,0.0,44.459999999999994,10.0,0.024299315606794894
4,16,6.954501478151184,0.7986953919878115,False,0.0,45.12,20.0,-0.02013046080121885
4,17,8.673205455477262,1.5849168759328074,True,7.44,48.34,0.0,0.05849168759328073
4,18,8.174581419836645,0.9011708254453474,False,6.44,48.92,0.0,-0.00988291745546526
4,19,6.620970060514411,0.5953744344331645,False,2.7800000000000002,46.76,20.0,-0.04046255655668355
4,20,4.879119012019044,1.7727071424180896,True,11.1,47.67999999999999,0.0,0.07727071424180895
4,21,6.4572243275460055,1.1637791267707158,True,0.0,48.11999999999999,10.0,0.016377912677071577
4,22,4.962124858357113,-0.013963883538642419,False,0.0,43.62,20.0,-0.10139638835386425
4,23,5.072587067206221,1.5072507559778952,True,0.0,45.32000000000001,10.0,0.050725075597789514
4,24,6.18178623193361,-0.1542271351159401,False,0.0,45.62,10.0,-0.11542271351159401
4,25,6.003226665752502,1.6389508784006759,True,7.44,46.36,0.0,0.06389508784006759
4,26,5.7858453129856935,1.097099690542013,True,3.66,45.71999999999999,10.0,0.009709969054201299
4,27,5.8409613853816955,1.3114344708059946,True,0.0,44.64,10.0,0.03114344708059947
4,28,5.718240372398216,1.0000078658451734,True,0.0,44.4,20.0,7.865845173515851e-07
4,29,6.430440112831048,1.3059461479657066,True,0.0,47.08,10.0,0.03059461479657067
4,30,5.695115300215346,1.818006225207641,True,7.44,46.86,10.0,0.08180062252076409
4,31,4.237333473192161,1.3523201122011894,True,8.32,45.2,0.0,0.03523201122011893
4,32,5.787011786048242,0.7982064898401899,False,3.66,47.1,0.0,-0.020179351015981013
4,33,5.8562665052280725,1.3669875044005977,True,0.0,47.36,10.0,0.036698750440059755
4,34,5.237425348778317,0.6879661010161944,False,0.0,46.78,10.0,-0.031203389898380562
4,35,5.46344659188176,0.5341833210447497,False,6.44,46.18,0.0,-0.04658166789552502
4,36,5.408764634996156,1.5924271572116695,True,2.7800000000000002,46.1,20.0,0.05924271572116695
4,37,8.494863033963501,0.6579432382628922,False,3.66,48.160000000000004,10.0,-0.03420567617371078
4,38,6.906946325100902,1.3608573894864993,True,3.66,47.699999999999996,10.0,0.036085738948649915
4,39,5.568136017900057,0.34513162743851367,False,0.0,45.9,10.0,-0.06548683725614864
4,40,5.803503589632134,1.5542851853426642,True,2.7800000000000002,47.42,10.0,0.055428518534266426
4,41,5.234473330747079,0.6222329835672197,False,4.66,45.379999999999995,0.0,-0.03777670164327803
4,42,8.544593978155037,0.9692134615094666,False,4.66,46.9,10.0,-0.0030786538490533387
4,43,6.546683706343316,1.3724391681613761,True,4.66,47.64,0.0,0.037243916816137604
4,44,5.530927222512353,1.1277680402116654,True,3.66,47.99999999999999,10.0,0.012776804021166552
4,45,5.484838561561466,1.439694546137947,True,3.66,45.82,20.0,0.04396945461379469
4,46,7.163638478644488,1.5924271572116695,True,2.7800000000000002,49.08,10.0,0.05924271572116695
4,47,5.091353097600676,0.8775325486392591,False,0.0,46.16,0.0,-0.012246745136074084
4,48,7.127012202027567,1.4246527572162038,True,6.44,48.379999999999995,20.0,0.04246527572162037
4,49,6.398799778743573,1.3798312606193575,True,4.66,46.1,20.0,0.03798312606193573
4,50,8.287202264404332,0.010160819491616402,False,8.32,48.62,10.0,-0.09898391805083837
4,51,4.918868040602517,0.24148829025710716,False,4.66,47.36,10.0,-0.07585117097428928
4,52,5.104413933925651,1.1879321575936326,True,0.0,46.980000000000004,20.0,0.018793215759363262
4,53,5.578071221541118,1.3247781279902147,True,4.66,44.7,10.0,0.032477812799021455
4,54,6.087701574067297,0.38289672666173336,False,0.0,46.1,20.0,-0.06171032733382666
4,55,6.351930098300606,1.2066051968631133,True,3.66,48.22,0.0,0.020660519686311322
4,56,4.147637645144987,0.29007062896419733,False,0.0,42.519999999999996,0.0,-0.07099293710358026
4,57,5.383495673532975,1.7990323540747828,True,6.44,44.83999999999999,10.0,0.07990323540747826
4,58,4.967493244509649,1.1720479928399428,True,0.0,44.82,10.0,0.01720479928399427
4,59,5.4312283036611575,1.7916402616168012,True,6.44,48.120000000000005,10.0,0.07916402616168014
4,60,6.1315408048088065,0.8208116113207856,False,11.1,47.660000000000004,0.0,-0.017918838867921442
4,61,5.651123251696957,0.7297651751021441,False,3.66,46.099999999999994,0.0,-0.02702348248978559
4,62,5.061627264853273,0.3649906034694692,False,4.66,46.6,10.0,-0.06350093965305308
4,63,6.950695009233128,0.44382776012091685,False,4.66,49.199999999999996,20.0,-0.05561722398790832
4,64,6.133621193796335,0.7523702965827399,False,11.1,47.480000000000004,10.0,-0.02476297034172601
4,65,7.886745913816401,1.537366158737353,True,2.7800000000000002,46.660000000000004,0.0,0.053736615873735315
4,66,5.475915022692812,1.4246527572162038,True,6.44,47.86,10.0,0.042465275721620385
4,67,6.546032773981322,0.7556148508622986,False,2.7800000000000002,48.08,10.0,-0.024438514913770144
4,68,4.85391240171768,1.6712643138631171,True,2.7800000000000002,46.239999999999995,10.0,0.06712643138631172
4,69,5.858034526695425,0.15719946984488098,False,0.0,47.94,10.0,-0.0842800530155119
4,70,5.670450675119726,1.0479112029760147,True,2.7800000000000002,46.42,10.0,0.00479112029760147
4,71,6.014317415368957,1.554659582064999,True,8.32,47.14,10.0,0.05546595820649991
4,72,5.113920958385,0.47252279500439376,False,3.66,46.58,10.0,-0.05274772049956063
4,73,5.149751962491734,0.5234022751987106,False,2.7800000000000002,45.02,10.0,-0.04765977248012894
4,74,6.481086058934334,0.7788544489944603,False,7.44,47.76,0.0,-0.02211455510055397
4,75,6.266197763177387,-0.02032897999017602,False,0.0,47.32,20.0,-0.1020328979990176
4,76,7.611619458185015,0.39981575326704444,False,0.0,47.8,10.0,-0.06001842467329556
4,77,6.892406786778433,1.622447544041521,True,4.66,47.94,0.0,0.06224475440415208
4,78,7.038947373211998,0.39981575326704444,False,0.0,48.67999999999999,20.0,-0.06001842467329556
4,79,4.09206755056837,1.4275001666356923,True,4.66,46.14000000000001,10.0,0.04275001666356924
4,80,5.985166293931265,0.053563998508648014,False,4.66,48.459999999999994,0.0,-0.0946436001491352
4,81,6.98871835665612,1.4460596425894805,True,3.66,45.06,0.0,0.04460596425894804
4,82,4.400197992155434,1.5811437344767194,True,4.66,45.459999999999994,10.0,0.05811437344767194
4,83,7.322078934540148,0.8775325486392591,False,0.0,46.7,10.0,-0.012246745136074084
4,84,5.613756065138407,1.2680312917889631,True,3.66,44.76,10.0,0.026803129178896313
4,85,6.752780301725912,1.181567061142099,True,0.0,47.160000000000004,10.0,0.018156706114209904
4,86,4.8669093899858265,1.219448953081873,True,8.32,47.099999999999994,20.0,0.021944895308187298
4,87,6.2485261508889725,1.8178643340992906,True,11.1,46.6,0.0,0.08178643340992905
4,88,4.808758780693653,1.5002072083730416,True,8.32,48.5,0.0,0.050020720837304154
4,89,4.965396116954978,1.0168823675258016,True,4.66,45.260000000000005,10.0,0.0016882367525801634
4,90,5.393003998831399,1.2563734723316784,True,0.0,46.36,10.0,0.025637347233167834
4,91,7.064171398633457,1.1027377703358248,True,0.0,45.34,10.0,0.010273777033582485
4,92,8.08575997994518,1.1946531143205386,True,7.44,49.919999999999995,0.0,0.019465311432053847
4,93,5.8050264439125225,0.2488803827150885,False,4.66,48.6,10.0,-0.07511196172849115
4,94,5.411062869419831,-0.05149723062528877,False,0.0,45.5,0.0,-0.10514972306252887
4,95,4.283637570734363,1.2366280596164154,True,0.0,45.72,10.0,0.023662805961641532
4,96,3.7250297100273477,1.0727070417373492,True,3.66,46.019999999999996,30.0,0.0072707041737349225
4,97,5.488804847872432,1.2330893492748336,True,0.0,45.92,20.0,0.02330893492748336
4,98,6.54866254347074,0.9556912541373869,False,8.32,49.38,0.0,-0.004430874586261315
4,99,7.366772763426996,1.7496094353942782,True,2.7800000000000002,47.019999999999996,0.0,0.07496094353942781
5,0,6.587754115763252,1.7449304973131985,True,0.0,48.36,20.0,0.07449304973131984
5,1,8.386576726174379,1.8742556163892359,True,5.640000000000001,46.980000000000004,0.0,0.0874255616389236
5,2,7.718870641631781,0.5154179623682094,False,4.0,47.019999999999996,20.0,-0.04845820376317907
5,3,5.9222251779864745,2.0555387594967405,True,0.0,46.580000000000005,10.0,0.10555387594967403
5,4,7.6526104838638815,1.1724784956235887,True,5.0600000000000005,46.38,20.0,0.017247849562358884
5,5,7.135156312115784,0.535948142588017,False,8.48,46.779999999999994,20.0,-0.04640518574119829
5,6,7.344123218091626,0.7200376666877247,False,10.120000000000001,46.22,0.0,-0.027996233331227527
5,7,5.739851560941948,1.5793391977464557,True,0.0,45.7,20.0,0.05793391977464557
5,8,9.404760673904615,-0.05475004092025837,False,0.5800000000000001,48.82,20.0,-0.10547500409202584
5,9,7.590209699085361,1.64549747889135,True,5.0600000000000005,47.6,0.0,0.064549747889135
5,10,7.130890132322099,2.053181575217489,True,6.7,47.04,0.0,0.10531815752174889
5,11,7.818765948371864,1.4773419184923324,True,4.0,48.839999999999996,20.0,0.047734191849233235
5,12,8.46979849363886,0.44786889057439283,False,11.76,46.8,10.0,-0.05521311094256072
5,13,6.940426928762813,0.8765865342803654,False,0.5800000000000001,47.11999999999999,0.0,-0.012341346571963462
5,14,6.100084135609474,0.8596463776119909,False,3.4200000000000004,47.44,10.0,-0.014035362238800902
5,15,5.033880607725865,1.748690428936923,True,0.0,47.31999999999999,20.0,0.0748690428936923
5,16,5.983907148504239,0.42495540079640326,False,0.0,46.82,20.0,-0.05750445992035967
5,17,7.558121331268557,0.855152524047489,False,3.4200000000000004,48.04,20.0,-0.014484747595251105
5,18,7.665446381169261,1.695193357826609,True,5.0600000000000005,47.68,10.0,0.0695193357826609
5,19,6.32183799200629,0.9955607862181928,False,0.5800000000000001,45.24,10.0,-0.0004439213781807183
5,20,6.216859660718681,1.7064185666730647,True,6.7,47.06,10.0,0.07064185666730646
5,21,8.143484303295594,0.4637311489197231,False,4.0,47.08,20.0,-0.05362688510802769
5,22,5.520268734389722,2.1488319554693605,True,3.4200000000000004,44.92,10.0,0.11488319554693605
5,23,7.096995157916654,0.9135216698625193,False,10.120000000000001,47.31999999999999,0.0,-0.00864783301374807
5,24,7.645085274948786,2.2405196346289475,True,0.5800000000000001,47.64,0.0,0.12405196346289475
5,25,7.697109847321319,1.8584836574667185,True,0.5800000000000001,46.8,0.0,0.08584836574667186
5,26,7.510216867347124,1.1065521929779523,True,0.5800000000000001,46.800000000000004,20.0,0.01065521929779523
5,27,7.604445663216002,0.9720608778740465,False,5.0600000000000005,48.74,10.0,-0.0027939122125953553
5,28,7.3209961366131004,2.59421281170938,True,11.76,46.96000000000001,0.0,0.15942128117093798
5,29,8.65197288407715,1.6012405192464942,True,5.640000000000001,46.2,0.0,0.060124051924649424
5,30,7.416462813091499,-0.06057367477543396,False,0.5800000000000001,45.440000000000005,20.0,-0.1060573674775434
5,31,6.147560000088988,0.7185046145341308,False,3.4200000000000004,46.480000000000004,20.0,-0.028149538546586916
5,32,7.3467168034259265,1.1879478487333601,True,10.120000000000001,47.14,20.0,0.018794784873336016
5,33,8.994830724696088,1.7511671539878002,True,8.48,49.120000000000005,0.0,0.07511671539878002
5,34,8.928524164119418,1.2452588303290075,True,5.640000000000001,47.6,20.0,0.024525883032900743
5,35,8.773708736909535,0.2015379809966994,False,4.0,45.78,20.0,-0.07984620190033007
5,36,7.829784440198812,1.6160577514968408,True,4.0,48.26,10.0,0.06160577514968409
5,37,9.342026198477686,1.2190277663308131,True,4.0,49.36,0.0,0.02190277663308132
5,38,7.496405208669162,0.6990651017649203,False,0.5800000000000001,45.14,0.0,-0.030093489823507975
5,39,9.9557948004062,2.0389583504957236,True,12.34,47.64,0.0,0.10389583504957237
5,40,8.544663379383865,0.6254123099993508,False,4.0,48.1,30.0,-0.037458769000064916
5,41,7.912353997581292,2.3263702292358666,True,5.640000000000001,46.32,0.0,0.13263702292358664
5,42,9.09363995447533,1.6350699870582914,True,15.180000000000001,45.980000000000004,0.0,0.06350699870582914
5,43,6.846495554282141,1.8022805200359362,True,8.48,46.220000000000006,20.0,0.08022805200359363
5,44,6.910769366040797,1.3578878858892138,True,3.4200000000000004,46.08,0.0,0.03578878858892137
5,45,6.285212517635074,1.4596979265022902,True,0.0,46.959999999999994,20.0,0.045969792650229026
5,46,5.75625654023378,1.7105448655431215,True,5.0600000000000005,44.34,0.0,0.07105448655431215
5,47,7.7340969342246115,1.087955574991589,True,6.7,48.18000000000001,20.0,0.008795557499158894
5,48,7.522739309879763,1.4517253681750673,True,6.7,46.06,10.0,0.04517253681750672
5,49,7.743340589895292,1.17409381881389,True,10.120000000000001,45.239999999999995,0.0,0.017409381881388998
5,50,8.483420123969012,1.9280062912349571,True,8.48,47.24,10.0,0.09280062912349571
5,51,6.715264347610741,0.7551986457951465,False,3.4200000000000004,45.82,10.0,-0.024480135420485355
5,52,8.788540611490637,1.196402555245089,True,0.5800000000000001,48.2,10.0,0.019640255524508897
5,53,6.190239682101488,2.5236084290008414,True,5.0600000000000005,46.62,10.0,0.15236084290008411
5,54,7.335468996195953,0.5371420175234791,False,0.5800000000000001,45.74,20.0,-0.046285798247652096
5,55,5.378958146364773,1.3111664478023006,True,0.0,48.22,10.0,0.031116644780230074
5,56,7.577729850691239,1.936040744057733,True,0.5800000000000001,46.400000000000006,0.0,0.0936040744057733
5,57,7.334330069102169,1.434515240493569,True,10.120000000000001,48.8,0.0,0.04345152404935691
5,58,6.891634877293661,1.3092378829049678,True,0.5800000000000001,44.900000000000006,0.0,0.030923788290496766
5,59,5.350681145678678,1.2367648342813657,True,0.0,44.32,10.0,0.023676483428136573
5,60,6.273058639210665,1.8798126345432558,True,3.4200000000000004,45.96000000000001,20.0,0.08798126345432558
5,61,5.739755214134078,1.8118788819637555,True,3.4200000000000004,45.68,0.0,0.08118788819637554
5,62,6.609980130082939,1.9383725060096877,True,6.7,47.2,20.0,0.09383725060096877
5,63,8.910287057254376,1.0614689224885556,True,15.180000000000001,45.699999999999996,10.0,0.006146892248855558
5,64,7.239002656207676,1.8815291814787245,True,10.120000000000001,46.60000000000001,0.0,0.08815291814787243
5,65,8.50897220026662,0.023423244080836292,False,0.5800000000000001,47.66,10.0,-0.09765767559191638
5,66,7.222371488492421,1.0475002390636634,True,10.120000000000001,47.160000000000004,0.0,0.00475002390636634
5,67,9.56244234274779,1.0581199075932637,True,7.279999999999999,48.239999999999995,0.0,0.005811990759326377
5,68,5.6931146642251,0.6802755107014813,False,3.4200000000000004,44.480000000000004,10.0,-0.03197244892985188
5,69,8.465834275913805,2.505741096146376,True,5.640000000000001,48.379999999999995,0.0,0.15057410961463763
5,70,7.063289826101054,0.5885222572516412,False,0.0,47.53999999999999,20.0,-0.04114777427483588
5,71,9.287158505704584,2.138624093907101,True,5.640000000000001,47.96,0.0,0.1138624093907101
5,72,8.622410137721312,1.6626543888757697,True,5.640000000000001,46.42,0.0,0.06626543888757697
5,73,8.67099820496476,2.38891563587861,True,5.640000000000001,48.019999999999996,20.0,0.13889156358786103
5,74,8.278639475081508,0.6796736245747755,False,0.5800000000000001,47.42,10.0,-0.032032637542522446
5,75,8.067578140142368,1.3228064677072635,True,4.0,46.82,10.0,0.03228064677072634
5,76,7.088695104588898,1.4995315128197768,True,4.0,46.9,10.0,0.049953151281977685
5,77,9.928886648345973,2.4417476019866218,True,15.760000000000002,47.64,10.0,0.1441747601986622
5,78,7.463381674586846,1.162185605550184,True,5.0600000000000005,46.040000000000006,20.0,0.016218560555018406
5,79,7.744603816579885,1.608110687418923,True,8.48,48.6,20.0,0.060811068741892314
5,80,8.106224225505619,1.6734166135167778,True,6.7,48.5,10.0,0.06734166135167777
5,81,4.90574490011996,1.3143640336341256,True,0.0,45.92,0.0,0.031436403363412545
5,82,6.041077109392079,1.9540486906822045,True,3.4200000000000004,48.00000000000001,10.0,0.09540486906822045
5,83,7.559091505755918,1.8316679171509693,True,8.48,45.540000000000006,10.0,0.08316679171509694
5,84,8.830240921787269,1.6827966627978634,True,4.0,48.17999999999999,10.0,0.06827966627978635
5,85,5.464815185176066,2.8273569875700564,True,0.0,47.940000000000005,10.0,0.18273569875700563
5,86,8.151930774367736,0.38305562543079896,False,7.279999999999999,46.16,20.0,-0.061694437456920104
5,87,8.82866733702659,2.5362958039758925,True,5.640000000000001,48.38000000000001,10.0,0.15362958039758925
5,88,8.378999441380557,1.0160023703096495,True,0.5800000000000001,47.7,10.0,0.001600237030964955
5,89,7.1618773127632,1.640596153648493,True,0.5800000000000001,48.080000000000005,20.0,0.0640596153648493
5,90,5.724244373016757,1.836268469339829,True,5.0600000000000005,45.459999999999994,0.0,0.0836268469339829
5,91,6.372011474584751,-0.12158955880629252,False,3.4200000000000004,46.34,20.0,-0.11215895588062925
5,92,9.279515626324471,0.5879244723967274,False,5.640000000000001,46.0,10.0,-0.04120755276032727
5,93,5.780159611447448,1.019781443988979,True,0.0,46.400000000000006,30.0,0.0019781443988978963
5,94,9.796826310835522,1.5766907736629923,True,12.34,46.559999999999995,0.0,0.057669077366299226
5,95,6.93207157943437,1.6568953720599686,True,10.120000000000001,47.040000000000006,0.0,0.06568953720599685
5,96,10.739286918846267,1.3407524805475899,True,9.06,48.58,10.0,0.034075248054759
5,97,5.713463321798337,1.6175139238240246,True,0.0,46.38,0.0,0.06175139238240247
5,98,8.410338750267687,1.144981758200632,True,8.48,48.28,10.0,0.0144981758200632
5,99,6.830528430780237,1.907732925963425,True,8.48,47.2,0.0,0.09077329259634251
6,0,4.410137046389079,0.48220948888862836,False,0.0,43.68,20.0,-0.05177905111113716
6,1,4.836702991806306,0.5493552388721465,False,2.1399999999999997,46.239999999999995,50.0,-0.04506447611278535
6,2,3.623012703089529,1.0894599463765684,True,0.0,43.959999999999994,0.0,0.008945994637656832
6,3,4.481203571963761,0.9944380220391619,False,0.0,44.4,10.0,-0.000556197796083815
6,4,5.893644702101804,0.1547942787769948,False,2.1399999999999997,44.4,40.0,-0.08452057212230052
6,5,3.7454877689748014,0.8251849040110144,False,0.0,44.32000000000001,30.0,-0.017481509598898555
6,6,3.690757638847244,0.24166196390280636,False,0.0,41.7,40.0,-0.07583380360971936
6,7,5.4818264503691525,0.5220770100379347,False,2.1399999999999997,44.160000000000004,40.0,-0.04779229899620653
6,8,4.4095252935156966,0.5694086263393651,False,0.0,44.160000000000004,30.0,-0.043059137366063496
6,9,5.306676060493203,-0.13768839026737245,False,2.1399999999999997,44.300000000000004,60.0,-0.11376883902673725
6,10,5.45313814755894,0.12658665209818132,False,2.1399999999999997,47.62,50.0,-0.08734133479018187
6,11,3.718650156565814,0.23461104998856186,False,0.0,44.019999999999996,30.0,-0.07653889500114382
6,12,4.306115229372905,0.9040432250188584,False,0.0,43.86,20.0,-0.009595677498114163
6,13,5.713037967954872,0.1872794336871315,False,2.1399999999999997,44.56,40.0,-0.08127205663128685
6,14,3.606600296098,0.6670464114875163,False,0.0,43.58,40.0,-0.033295358851248374
6,15,4.853573103050934,0.7468395831390954,False,0.0,44.7,10.0,-0.025316041686090463
6,16,5.017484432022331,0.7616896843800216,False,2.1399999999999997,44.62,30.0,-0.02383103156199784
6,17,4.336050887161354,1.0,False,0.0,40.22,20.0,0.0
6,18,5.938703102390126,0.7626245350237568,False,2.1399999999999997,43.120000000000005,20.0,-0.023737546497624322
6,19,5.843441267960251,-0.0578952186157935,False,2.1399999999999997,44.16,50.0,-0.10578952186157935
6,20,3.785824120258785,0.8418615074765018,False,0.0,44.7,30.0,-0.01581384925234982
6,21,4.223667297970755,0.5669848397422236,False,0.0,42.86,30.0,-0.04330151602577764
6,22,3.2909985225102956,1.0,False,0.0,44.88,20.0,0.0
6,23,3.2402090635609353,0.8418615074765018,False,0.0,45.08,30.0,-0.01581384925234982
6,24,3.5163121940803648,0.7524015610999335,False,0.0,45.36,30.0,-0.02475984389000665
6,25,4.1653541529854525,0.33205676092310976,False,0.0,43.8,30.0,-0.06679432390768902
6,26,5.173729854624023,0.32181018743929857,False,0.0,43.22,30.0,-0.06781898125607014
6,27,4.2680115954555164,0.4816296901298063,False,0.0,43.02,40.0,-0.051837030987019375
6,28,2.9455300657654826,0.5772314132260348,False,0.0,44.22,30.0,-0.042276858677396514
6,29,4.00198412426219,1.0894599463765684,True,0.0,44.480000000000004,20.0,0.008945994637656832
6,30,5.066369035471183,0.8576464593611632,False,2.1399999999999997,43.56,20.0,-0.014235354063883677
6,31,4.744299219131233,0.32181018743929857,False,0.0,44.739999999999995,50.0,-0.06781898125607014
6,32,5.594645477275774,0.5220770100379347,False,2.1399999999999997,43.62,50.0,-0.04779229899620653
6,33,5.038406288249164,0.7195613543048835,False,0.0,41.7,30.0,-0.02804386456951164
6,34,5.730376676423745,0.5326786354066592,False,2.1399999999999997,43.12,40.0,-0.046732136459334085
6,35,3.406574816991285,-0.005936474997260133,False,0.0,43.84,60.0,-0.10059364749972602
6,36,4.747851712986835,0.9049780756625936,False,0.0,41.18,10.0,-0.009502192433740645
6,37,4.7808376080034325,0.41127013381586686,False,0.0,45.760000000000005,50.0,-0.058872986618413316
6,38,6.605218909865885,0.8520844814003251,False,2.1399999999999997,43.82000000000001,20.0,-0.014791551859967491
6,39,5.688461594329039,0.3398559482497916,False,2.1399999999999997,44.760000000000005,50.0,-0.06601440517502084
6,40,4.207736664978191,0.6917087795109833,False,0.0,43.9,30.0,-0.030829122048901675
6,41,4.099713013310969,0.8145832786422901,False,0.0,43.64,20.0,-0.018541672135770994
6,42,4.165980262920759,0.5669848397422236,False,0.0,44.540000000000006,40.0,-0.04330151602577764
6,43,3.6945373487500213,0.6666913596026032,False,0.0,43.06,30.0,-0.033330864039739685
6,44,4.462198747860898,0.730162979673608,False,0.0,43.64,30.0,-0.026983702032639202
6,45,5.351389953833201,0.7468395831390954,False,0.0,44.879999999999995,20.0,-0.025316041686090463
6,46,5.932380227314888,0.7074937313956446,False,2.1399999999999997,43.4,30.0,-0.02925062686043553
6,47,3.5164934605988707,0.9040432250188584,False,0.0,42.72,10.0,-0.009595677498114163
6,48,5.832088036599886,-0.0578952186157935,False,2.1399999999999997,44.300000000000004,50.0,-0.10578952186157935
6,49,4.234640175011479,-0.18075157098624572,False,0.0,42.1,60.0,-0.11807515709862457
6,50,3.9587420580844226,0.33112191027937465,False,0.0,41.839999999999996,40.0,-0.06688780897206253
6,51,4.880533592047912,0.0993084232639696,False,2.1399999999999997,43.64,40.0,-0.09006915767360305
6,52,4.764990288393027,0.7616896843800216,False,2.1399999999999997,45.4,40.0,-0.02383103156199784
6,53,4.491920233694541,0.6750321760454959,False,0.0,41.08,30.0,-0.03249678239545041
6,54,5.726146523899879,0.6722297380034533,False,2.1399999999999997,43.96,40.0,-0.03277702619965467
6,55,4.678951146440882,0.8442852940736433,False,0.0,45.46,10.0,-0.01557147059263567
6,56,3.942494422061811,0.12197767154193284,False,0.0,42.379999999999995,40.0,-0.08780223284580671
6,57,5.48605194928589,0.809021300681452,False,0.0,45.660000000000004,10.0,-0.019097869931854812
6,58,5.384043428745491,0.2494611512294881,False,2.1399999999999997,44.08,30.0,-0.0750538848770512
6,59,3.9361905957196215,0.4274337371454294,False,0.0,42.599999999999994,40.0,-0.05725662628545706
6,60,5.91811485700922,0.36487336815817173,False,2.1399999999999997,45.16,60.0,-0.06351266318418283
6,61,4.119503927710999,0.4024163172370493,False,0.0,42.24,30.0,-0.05975836827629507
6,62,5.145856790636006,0.6722297380034533,False,2.1399999999999997,44.9,30.0,-0.03277702619965467
6,63,5.338076669527954,0.6100480204610967,False,2.1399999999999997,45.64,30.0,-0.03899519795389032
6,64,3.985106374343651,0.4024163172370493,False,0.0,43.660000000000004,40.0,-0.05975836827629507
6,65,3.523665581811838,0.6644305506767715,False,0.0,43.14,30.0,-0.03355694493232285
6,66,4.657607955594406,0.0993084232639696,False,2.1399999999999997,44.36,60.0,-0.09006915767360305
6,67,3.5242107023722324,0.6022488331344149,False,0.0,45.43999999999999,40.0,-0.039775116686558504
6,68,5.252637677973491,0.0993084232639696,False,2.1399999999999997,42.14,60.0,-0.09006915767360305
6,69,3.5605704172533637,0.8498472720344814,False,0.0,42.2,10.0,-0.015015272796551854
6,70,3.9748485470067534,0.4825645407735415,False,0.0,45.8,30.0,-0.05174354592264585
6,71,4.651683919958412,0.48220948888862836,False,0.0,42.22,40.0,-0.05177905111113716
6,72,6.338974657715776,0.6772693854113395,False,2.1399999999999997,43.96,20.0,-0.03227306145886605
6,73,4.06137675846017,0.7468395831390954,False,0.0,45.44,30.0,-0.025316041686090463
6,74,4.563514656685945,0.4024163172370493,False,0.0,41.26,30.0,-0.05975836827629507
6,75,4.974239437396782,0.37454014288316095,False,2.1399999999999997,43.620000000000005,70.0,-0.0625459857116839
6,76,5.008971119009396,0.34726191404894924,False,2.1399999999999997,41.88,50.0,-0.06527380859510508
6,77,3.4716105181926364,0.21699959587933937,False,0.0,43.22,40.0,-0.07830004041206606
6,78,4.733038821465827,0.9944380220391619,False,0.0,45.699999999999996,10.0,-0.000556197796083815
6,79,3.829200041289546,0.12197767154193284,False,0.0,43.1,50.0,-0.08780223284580671
6,80,3.895503947114983,0.6666913596026032,False,0.0,42.42,20.0,-0.033330864039739685
6,81,5.196590353844297,0.5800102517080894,False,0.0,42.42,30.0,-0.04199897482919106
6,82,3.5961955321252774,0.5669848397422236,False,0.0,44.56,30.0,-0.04330151602577764
6,83,4.238049842008197,0.30739439289964277,False,0.0,43.00000000000001,30.0,-0.06926056071003572
6,84,5.296045567795869,0.772291309748746,False,2.1399999999999997,43.519999999999996,40.0,-0.0227708690251254
6,85,4.56980666783947,0.3296329743259683,False,0.0,44.459999999999994,20.0,-0.06703670256740317
6,86,3.7713996351281645,0.5775864651109479,False,0.0,45.120000000000005,40.0,-0.0422413534889052
6,87,3.775383040441792,0.39181469186832485,False,0.0,42.96,30.0,-0.060818530813167515
6,88,3.8284647575310755,0.21699959587933937,False,0.0,42.00000000000001,60.0,-0.07830004041206606
6,89,6.014780477766026,0.6124718070582382,False,2.1399999999999997,46.8,40.0,-0.03875281929417618
6,90,4.676008314289676,0.29714781941583157,False,0.0,44.56,30.0,-0.07028521805841684
6,91,5.574446651092412,0.10991004863269394,False,2.1399999999999997,42.160000000000004,50.0,-0.0890089951367306
6,92,4.016642274276084,0.4024163172370493,False,0.0,41.62,30.0,-0.05975836827629507
6,93,5.374254164393785,0.28508019650659266,False,2.1399999999999997,45.440000000000005,50.0,-0.07149198034934073
6,94,4.085384539073539,0.416832111776705,False,0.0,45.160000000000004,30.0,-0.058316788822329504
6,95,4.452899125736115,0.9146448503875828,False,0.0,42.21999999999999,30.0,-0.008535514961241723
6,96,4.370512229078889,0.5669848397422236,False,0.0,42.72,30.0,-0.04330151602577764
6,97,3.7564495470030224,0.6564447861187919,False,0.0,43.760000000000005,30.0,-0.03435552138812081
6,98,3.9125013176365457,0.9393072184110498,False,0.0,42.6,10.0,-0.006069278158895024
6,99,6.3850872203706865,0.6772693854113395,False,2.1399999999999997,44.28,30.0,-0.03227306145886605
7,0,6.411604290410483,0.664003063667538,False,2.8000000000000003,45.62,10.0,-0.0335996936332462
7,1,5.678576737877242,0.6180848199438055,False,8.28,46.540000000000006,30.0,-0.03819151800561945
7,2,6.487910623381461,0.8262481612710243,False,0.0,46.980000000000004,30.0,-0.017375183872897573
7,3,5.885180184941136,0.7309065534656238,False,0.0,47.160000000000004,20.0,-0.02690934465343762
7,4,5.244685060412403,0.7122176320676858,False,0.0,47.800000000000004,50.0,-0.02877823679323141
7,5,8.168332934685932,0.4050187643789227,False,2.8000000000000003,46.64,20.0,-0.05949812356210773
7,6,5.539802090866013,0.5358476782673686,False,0.0,47.160000000000004,10.0,-0.04641523217326314
7,7,7.042467842110624,-0.10344221133601716,False,2.8000000000000003,47.04,40.0,-0.11034422113360172
7,8,6.9113628359279105,0.420401692550597,False,2.8000000000000003,47.04,40.0,-0.0579598307449403
7,9,6.8902506480167585,0.369043566854511,False,8.28,44.0,30.0,-0.0630956433145489
7,10,6.107587919934362,1.2286418363683844,True,2.8000000000000003,46.6,10.0,0.02286418363683845
7,11,5.903137499938012,0.9043688305685679,False,0.0,46.52,40.0,-0.00956311694314321
7,12,4.966643477474289,1.3739817198615278,True,0.0,48.3,30.0,0.03739817198615277
7,13,4.625520611226205,0.8417164796947414,False,0.0,45.660000000000004,20.0,-0.015828352030525857
7,14,4.4509060397691504,1.5880246474873787,True,0.0,46.64,40.0,0.05880246474873786
7,15,7.948317217468384,0.17404006606846478,False,8.28,45.36,20.0,-0.08259599339315352
7,16,7.1337665574012465,0.7424649401515853,False,8.28,43.959999999999994,30.0,-0.02575350598484148
7,17,6.2422716000133045,0.5062648222711296,False,0.0,46.84,30.0,-0.049373517772887045
7,18,6.347838294732325,0.32096906902963607,False,0.0,44.96,40.0,-0.06790309309703639
7,19,4.753943531257666,1.5036464718672682,True,0.0,46.64,30.0,0.05036464718672683
7,20,7.133489364973156,0.6705488133706353,False,2.8000000000000003,47.66,30.0,-0.032945118662936465
7,21,6.9304333698723894,0.8181974503976045,False,0.0,46.059999999999995,20.0,-0.018180254960239547
7,22,3.935092674781161,0.650024065899184,False,0.0,47.52,30.0,-0.034997593410081594
7,23,7.017434360187532,0.6901072842908788,False,2.8000000000000003,48.32000000000001,30.0,-0.030989271570912125
7,24,5.966539814679324,1.4006789008567868,True,2.8000000000000003,46.88,20.0,0.040067890085678674
7,25,5.922753629461265,0.38350559400938733,False,8.28,46.519999999999996,20.0,-0.061649440599061266
7,26,5.597024904281957,1.0418960591771784,True,0.0,46.4,40.0,0.004189605917717838
7,27,5.564409484845315,1.0765320469847734,True,0.0,46.86,50.0,0.007653204698477349
7,28,6.868232331242574,-0.16826119430818265,False,0.0,46.50000000000001,50.0,-0.11682611943081826
7,29,8.452095269453979,0.11787072772191409,False,11.08,49.39999999999999,20.0,-0.08821292722780859
7,30,4.855059191375483,1.3583967608477239,True,0.0,45.24,50.0,0.0358396760847724
7,31,5.303131099603041,0.9451739687983391,False,0.0,44.720000000000006,40.0,-0.00548260312016609
7,32,10.03715121838089,-0.6113691705984237,False,2.8000000000000003,48.74,30.0,-0.16113691705984237
7,33,8.14984522450472,0.15229854071132842,False,11.08,46.74,40.0,-0.08477014592886715
7,34,5.44662901025852,1.0407299290828385,True,0.0,46.519999999999996,40.0,0.004072992908283836
7,35,5.818286800933732,0.3215213827101271,False,2.8000000000000003,47.720000000000006,20.0,-0.0678478617289873
7,36,6.111212963209449,1.08353928367446,True,0.0,45.980000000000004,40.0,0.008353928367445996
7,37,5.490241605496789,0.37492348984544355,False,0.0,47.9,20.0,-0.06250765101545565
7,38,6.131853089912068,1.1132404068122448,True,8.28,43.62,40.0,0.011324040681224475
7,39,8.49956399224438,-0.09276938366631682,False,11.08,47.16000000000001,20.0,-0.10927693836663169
7,40,7.959715482245133,-0.08858095403610866,False,8.28,47.54,30.0,-0.10885809540361087
7,41,5.998780984854429,0.2587904952605109,False,2.8000000000000003,46.9,40.0,-0.07412095047394891
7,42,8.731246779841264,-0.5414145048956918,False,2.8000000000000003,46.260000000000005,30.0,-0.15414145048956918
7,43,9.30261984886558,-0.1522172256865837,False,8.28,48.82,10.0,-0.11522172256865837
7,44,6.306567594543153,1.3126316359638055,True,8.28,45.9,30.0,0.03126316359638055
7,45,6.450415397654051,0.47846021276756545,False,2.8000000000000003,48.84,20.0,-0.052153978723243455
7,46,7.282864363946224,-0.16394277543933056,False,8.28,47.339999999999996,10.0,-0.11639427754393306
7,47,5.344947217515733,1.2250138395528185,True,0.0,45.260000000000005,30.0,0.022501383955281843
7,48,7.644906109445396,0.27892319846919444,False,0.0,45.18,50.0,-0.07210768015308056
7,49,8.805669617306865,-0.17139499886532228,False,8.28,48.84,0.0,-0.11713949988653223
7,50,7.888691774921236,-0.19928099538138144,False,2.8000000000000003,46.60000000000001,20.0,-0.11992809953813814
7,51,7.739602658203269,0.21425885015238344,False,2.8000000000000003,48.24,30.0,-0.07857411498476166
7,52,4.428923603158809,0.8065338171088852,False,0.0,47.86,30.0,-0.019346618289111477
7,53,6.258358052975075,0.3225008496842069,False,2.8000000000000003,50.519999999999996,20.0,-0.06774991503157932
7,54,4.9949800519636645,1.6972356447591053,True,0.0,46.14,30.0,0.06972356447591052
7,55,4.6703465096728705,1.16928764147133,True,0.0,44.2,30.0,0.016928764147133003
7,56,8.885100878216035,-0.20138778083970332,False,11.08,47.040000000000006,20.0,-0.12013877808397033
7,57,7.642525295887926,-0.059010583108296766,False,2.8000000000000003,47.040000000000006,50.0,-0.10590105831082967
7,58,6.85238474892189,0.5415915860342813,False,2.8000000000000003,47.08,30.0,-0.04584084139657188
7,59,7.6112478201649285,0.7858883778644248,False,2.8000000000000003,45.519999999999996,40.0,-0.021411162213557516
7,60,8.52449968403288,-0.6818894682425145,False,11.08,46.040000000000006,20.0,-0.16818894682425145
7,61,6.6497122249235385,0.515765557094262,False,2.8000000000000003,46.12,50.0,-0.048423444290573804
7,62,7.122321675018739,0.554070425646245,False,2.8000000000000003,46.54,30.0,-0.04459295743537551
7,63,5.933778197284939,1.3033707944278625,True,0.0,45.84,20.0,0.030337079442786248
7,64,8.686795006237935,0.011095529781521285,False,2.8000000000000003,47.00000000000001,30.0,-0.09889044702184788
7,65,8.72797898173986,-0.3433971421615971,False,11.08,47.58,20.0,-0.1343397142161597
7,66,8.277649112361091,0.15561351120323708,False,11.08,47.040000000000006,40.0,-0.0844386488796763
7,67,5.357319138969081,1.2241613672887248,True,0.0,45.14,50.0,0.022416136728872472
7,68,6.605336437668596,0.23090504305332882,False,8.28,45.440000000000005,40.0,-0.07690949569466712
7,69,4.996595368280974,0.6106946783832232,False,0.0,46.04,30.0,-0.03893053216167768
7,70,6.572403111473639,0.6651441464626249,False,0.0,48.18,40.0,-0.03348558535373751
7,71,6.1589385450188106,0.4001209596020081,False,2.8000000000000003,46.74,50.0,-0.059987904039799186
7,72,9.918047372648655,-0.4962954888607123,False,11.08,47.540000000000006,10.0,-0.14962954888607122
7,73,8.28464306213749,-0.16596149997451404,False,8.28,47.7,10.0,-0.11659614999745141
7,74,9.83629714584771,-0.010494938449103985,False,11.08,46.940000000000005,10.0,-0.1010494938449104
7,75,4.495464703110922,0.9138560567013527,False,0.0,47.160000000000004,50.0,-0.008614394329864723
7,76,9.395904092495975,-0.0510218590989564,False,11.08,47.339999999999996,30.0,-0.10510218590989565
7,77,7.020827219128477,0.5550783523052429,False,0.0,47.839999999999996,40.0,-0.04449216476947571
7,78,6.837830530714703,0.6154353020186474,False,2.8000000000000003,46.260000000000005,30.0,-0.038456469798135266
7,79,6.532286096205249,0.4034250544495428,False,0.0,47.88,30.0,-0.05965749455504572
7,80,3.6955389825720912,1.8739633217831728,True,0.0,44.10000000000001,40.0,0.08739633217831727
7,81,5.88753163507054,0.6416158390113653,False,0.0,48.620000000000005,10.0,-0.03583841609886347
7,82,7.02391950905062,1.0635834846559034,True,8.28,44.88,20.0,0.006358348465590335
7,83,4.861544706885043,0.4707572618684248,False,8.28,45.28,40.0,-0.05292427381315752
7,84,4.802084420134269,0.6835484685004944,False,0.0,47.239999999999995,30.0,-0.031645153149950554
7,85,7.631820923693314,0.16414766117436153,False,2.8000000000000003,45.7,40.0,-0.08358523388256385
7,86,7.053436591229246,0.34306860230027625,False,8.28,46.34,20.0,-0.06569313976997238
7,87,5.0213610732932334,1.426053861091228,True,0.0,44.559999999999995,30.0,0.042605386109122796
7,88,5.362300384584897,0.8001555465781015,False,0.0,47.260000000000005,20.0,-0.019984445342189846
7,89,5.937864208478196,0.7276914433289556,False,8.28,47.260000000000005,10.0,-0.027230855667104432
7,90,5.292261500551676,1.0569549253621475,True,0.0,47.32,30.0,0.0056954925362147435
7,91,7.793130157897258,-0.03176274017543124,False,11.08,48.14,10.0,-0.10317627401754312
7,92,5.097408092446782,1.4179661981071618,True,8.28,42.86,40.0,0.04179661981071618
7,93,6.85723990967338,1.0746459454698858,True,0.0,45.28,30.0,0.007464594546988579
7,94,9.550998743103076,-0.5787530231442735,False,11.08,48.98,40.0,-0.15787530231442734
7,95,5.808626092566224,0.3811003200640949,False,0.0,47.24,40.0,-0.06188996799359051
7,96,7.699076655557709,0.5669803766954663,False,8.28,46.42,40.0,-0.04330196233045337
7,97,7.6264369827027165,0.26973056652705163,False,8.28,44.1,20.0,-0.07302694334729484
7,98,6.875603850471343,0.5284660425769632,False,2.8000000000000003,45.86,20.0,-0.047153395742303685
7,99,5.477625866460544,1.2645118599726488,True,0.0,46.7,20.0,0.02645118599726489
8,0,3.404007083594272,1.4707321388067325,True,0.0,42.480000000000004,50.0,0.047073213880673245
8,1,4.589373723863936,0.9610911534863341,False,0.0,46.50000000000001,40.0,-0.0038908846513665907
8,2,4.2025130741622885,1.5387934709873743,True,0.0,48.2,30.0,0.05387934709873743
8,3,3.5087652966279355,1.675618062979038,True,0.0,43.06,50.0,0.0675618062979038
8,4,3.703136095977502,2.1472523539048662,True,0.0,44.48,30.0,0.11472523539048665
8,5,3.933383929188682,1.3935118135860718,True,0.0,49.36,30.0,0.03935118135860717
8,6,3.70233715420208,1.302514978074392,True,0.0,42.660000000000004,50.0,0.030251497807439222
8,7,4.417411756914681,1.6425481297931381,True,0.0,46.58,30.0,0.0642548129793138
8,8,4.318528620321873,1.3352499023092612,True,0.0,43.739999999999995,40.0,0.03352499023092612
8,9,4.490963722337229,1.3308284379083435,True,0.0,45.56,30.0,0.03308284379083436
8,10,3.517549602685314,2.4120186628496456,True,0.0,45.58,40.0,0.14120186628496456
8,11,3.817823498721232,1.4917168008867798,True,0.0,42.18,40.0,0.04917168008867799
8,12,4.511542203589551,1.3604893931698014,True,0.0,46.7,30.0,0.03604893931698013
8,13,4.3870614120583085,1.8738103435252067,True,0.0,45.06,40.0,0.08738103435252066
8,14,3.752107263797348,2.2109224463231967,True,0.0,44.06,10.0,0.12109224463231967
8,15,4.69577237021906,0.5907478730027289,False,0.0,47.040000000000006,50.0,-0.040925212699727105
8,16,3.191285825727789,1.4917168008867798,True,0.0,42.78,30.0,0.04917168008867799
8,17,3.531532412606908,1.8730538534082801,True,0.0,42.36,40.0,0.087305385340828
8,18,4.307242341083786,1.0186534676557932,True,0.0,42.38,60.0,0.0018653467655793323
8,19,3.325387387196708,1.573385635427478,True,0.0,46.46,20.0,0.0573385635427478
8,20,3.1961982273989937,1.6970313350558721,True,0.0,44.84,30.0,0.06970313350558721
8,21,3.518907868356256,1.46106912888472,True,0.0,43.6,30.0,0.046106912888472
8,22,3.699084853733885,1.2769310980228754,True,0.0,44.440000000000005,40.0,0.027693109802287542
8,23,4.590370883891029,1.267017231674628,True,0.0,42.28000000000001,30.0,0.026701723167462797
8,24,4.074151315645735,1.3809999213810096,True,0.0,44.540000000000006,20.0,0.03809999213810096
8,25,4.196975033143824,1.9971206221058595,True,0.0,46.88000000000001,30.0,0.09971206221058596
8,26,4.251058945473936,1.5536385465142675,True,0.0,45.0,20.0,0.05536385465142676
8,27,3.1160055181048754,1.9583880743296793,True,0.0,43.28,20.0,0.09583880743296794
8,28,3.6787149865388233,1.7355779657237553,True,0.0,46.260000000000005,40.0,0.07355779657237553
8,29,4.948498115835823,1.89579377651396,True,0.0,46.26,10.0,0.08957937765139601
8,30,4.255439160726889,1.6019529694315187,True,0.0,47.160000000000004,20.0,0.060195296943151864
8,31,3.417137041510118,1.3406011904412058,True,0.0,43.620000000000005,30.0,0.034060119044120575
8,32,4.060529969715148,1.6817617606192288,True,0.0,44.1,60.0,0.06817617606192287
8,33,4.299215554339765,0.724477651622321,False,0.0,45.2,50.0,-0.027552234837767902
8,34,3.9267026933700087,1.7210951060426447,True,0.0,43.62,30.0,0.07210951060426447
8,35,4.1507541898715825,1.0186534676557932,True,0.0,45.86,30.0,0.0018653467655793323
8,36,4.245859821269519,0.7820399657917803,False,0.0,45.65999999999999,30.0,-0.02179600342082198
8,37,3.71481643681562,1.3142652402292136,True,0.0,46.519999999999996,40.0,0.03142652402292138
8,38,3.4834714904534065,1.1904694586421989,True,0.0,44.96,30.0,0.019046945864219893
8,39,4.40031041432546,1.2697770360956686,True,0.0,46.260000000000005,50.0,0.02697770360956687
8,40,3.9651360155797053,1.770170130163859,True,0.0,45.00000000000001,30.0,0.07701701301638589
8,41,4.019199419724645,1.8082563425306726,True,0.0,45.18,30.0,0.08082563425306726
8,42,4.235148331298941,1.8633908434862676,True,0.0,43.86,60.0,0.08633908434862676
8,43,3.3571275969900016,1.7075964970969806,True,0.0,42.580000000000005,30.0,0.07075964970969804
8,44,3.822405491938686,1.6574250136243145,True,0.0,44.14,40.0,0.06574250136243144
8,45,3.700980877141716,1.8167386722954233,True,0.0,44.36,30.0,0.08167386722954231
8,46,4.101765825769775,1.8167386722954233,True,0.0,43.7,20.0,0.08167386722954231
8,47,4.692755944204223,2.0707045808724374,True,0.0,46.34,20.0,0.10707045808724373
8,48,3.9680530736777833,1.4903929530056872,True,0.0,44.74,30.0,0.04903929530056873
8,49,4.468668778638593,1.7911547922439064,True,0.0,43.980000000000004,60.0,0.07911547922439063
8,50,3.95499172973446,1.9210583520797924,True,0.0,44.120000000000005,10.0,0.09210583520797924
8,51,3.43238213982871,1.8413262757165725,True,0.0,41.940000000000005,50.0,0.08413262757165725
8,52,3.9311445859339345,1.021413272076834,True,0.0,44.4,40.0,0.002141327207683403
8,53,3.4148238963447555,1.155143050696426,True,0.0,45.62,30.0,0.015514305069642607
8,54,3.34685395726705,1.9020728932168225,True,0.0,45.220000000000006,20.0,0.09020728932168225
8,55,3.9306401881426836,1.9325533378519277,True,0.0,45.5,30.0,0.09325533378519277
8,56,3.685507503876136,1.8669101557680894,True,0.0,41.94,40.0,0.08669101557680893
8,57,3.444042087708302,1.6873683251338596,True,0.0,42.82000000000001,50.0,0.06873683251338596
8,58,4.287753504703808,1.5517814859588526,True,0.0,44.52,50.0,0.055178148595885254
8,59,4.855373730026299,1.3352499023092612,True,0.0,44.6,30.0,0.03352499023092612
8,60,3.8527482794767693,1.123734777490403,True,0.0,43.86,40.0,0.012373477749040305
8,61,4.751512831784362,2.041946369476605,True,0.0,46.86,10.0,0.10419463694766054
8,62,4.3544132461107115,1.0186534676557932,True,0.0,42.019999999999996,40.0,0.0018653467655793323
8,63,4.059470571184384,1.0868861382904265,True,0.0,43.5,50.0,0.008688613829042655
8,64,4.002914262630009,1.573385635427478,True,0.0,45.9,50.0,0.0573385635427478
8,65,4.215254855007204,0.8030246278718277,False,0.0,46.160000000000004,50.0,-0.01969753721281723
8,66,4.135272952656061,1.3917565525604392,True,0.0,45.38,40.0,0.03917565525604392
8,67,4.2113877595931015,1.4646679591387852,True,0.0,47.36,20.0,0.046466795913878534
8,68,4.42303088654008,1.1229731474401625,True,0.0,44.519999999999996,40.0,0.012297314744016248
8,69,4.330033969304976,2.089690039735407,True,0.0,42.0,20.0,0.10896900397354073
8,70,3.176523583634408,1.6543604248908488,True,0.0,44.379999999999995,40.0,0.06543604248908488
8,71,3.3843542674233316,1.8694986217351386,True,0.0,45.559999999999995,20.0,0.08694986217351387
8,72,3.9331387381858294,1.5063905379596818,True,0.0,45.379999999999995,50.0,0.050639053795968184
8,73,4.686301836617148,1.288430503751462,True,0.0,47.28000000000001,40.0,0.0288430503751462
8,74,4.438686725815504,1.9203018619628658,True,0.0,42.5,30.0,0.09203018619628658
8,75,3.2395318823077814,1.6044619174263244,True,0.0,44.58,40.0,0.06044619174263245
8,76,4.106689234764957,1.3561776713797333,True,0.0,45.14,30.0,0.03561776713797334
8,77,5.050210450342723,1.4035068147152607,True,0.0,47.059999999999995,30.0,0.040350681471526074
8,78,4.212185599364719,1.420670397944916,True,0.0,45.18,30.0,0.04206703979449161
8,79,3.753229736860189,1.9325533378519277,True,0.0,45.480000000000004,20.0,0.09325533378519277
8,80,4.306974638587272,1.0538162051045266,True,0.0,45.89999999999999,60.0,0.005381620510452656
8,81,4.522361937633656,1.4630683321017977,True,0.0,41.940000000000005,40.0,0.04630683321017976
8,82,4.241162462488707,1.2483637640188348,True,0.0,44.67999999999999,40.0,0.024836376401883468
8,83,4.179788801920775,1.8669101557680894,True,0.0,42.459999999999994,30.0,0.08669101557680893
8,84,4.349124443036625,1.8487171064133656,True,0.0,44.64,20.0,0.08487171064133656
8,85,3.863835212231716,1.3917565525604392,True,0.0,43.06000000000001,50.0,0.03917565525604392
8,86,4.594438990205276,1.4630683321017977,True,0.0,45.64,40.0,0.04630683321017976
8,87,4.485274951957766,0.8391116370215637,False,0.0,46.980000000000004,40.0,-0.01608883629784364
8,88,4.021121204952135,1.4682231908119268,True,0.0,44.71999999999999,50.0,0.046822319081192665
8,89,4.754547238734814,1.3845213558522909,True,0.0,45.1,40.0,0.03845213558522909
8,90,4.3283600235298865,1.2127053648658852,True,0.0,42.720000000000006,40.0,0.02127053648658853
8,91,4.045782711196418,1.155143050696426,True,0.0,44.61999999999999,50.0,0.015514305069642607
8,92,3.385788735670242,2.0410436256109796,True,0.0,44.66,20.0,0.10410436256109797
8,93,4.881036137420195,1.49222492885581,True,0.0,47.040000000000006,40.0,0.04922249288558101
8,94,4.492255668733334,1.4249821197349841,True,0.0,43.040000000000006,20.0,0.0424982119734984
8,95,3.654075988733639,1.7712665895153108,True,0.0,43.440000000000005,30.0,0.07712665895153108
8,96,3.9345660520014474,1.8487171064133656,True,0.0,42.760000000000005,40.0,0.08487171064133656
8,97,4.129395787552642,1.2127053648658852,True,0.0,42.64,50.0,0.02127053648658853
8,98,4.116590176610387,0.8244378999486617,False,0.0,45.64,50.0,-0.017556210005133827
8,99,3.9359657186323362,1.7571821151923808,True,0.0,43.94,40.0,0.07571821151923806
9,0,8.188379506666744,0.9486589313432312,False,0.0,46.92,50.0,-0.005134106865676884
9,1,7.61392834174462,1.0549152595657674,True,0.0,46.16,40.0,0.005491525956576737
9,2,9.89833374115571,1.6791624998687786,True,0.0,47.980000000000004,30.0,0.06791624998687786
9,3,11.187862360772503,0.9743601570001544,False,0.0,46.160000000000004,30.0,-0.002563984299984554
9,4,6.643058638587819,1.259839582989533,True,0.0,43.00000000000001,50.0,0.025983958298953315
9,5,7.727596754441569,1.1265810974435382,True,0.0,44.14,60.0,0.012658109744353824
9,6,8.398062403520987,0.9527517510710026,False,0.0,45.54,40.0,-0.004724824892899733
9,7,8.504839459472572,1.4579020008044266,True,0.0,45.32,40.0,0.045790200080442656
9,8,10.136133781098788,0.7449203035712756,False,0.0,44.33999999999999,40.0,-0.02550796964287244
9,9,10.753635540734106,0.8184719833371055,False,0.0,45.92,30.0,-0.018152801666289447
9,10,8.381091831878384,1.9976124247304896,True,0.0,45.72,30.0,0.09976124247304895
9,11,8.61401719439734,1.4914193732885586,True,0.0,47.0,30.0,0.04914193732885586
9,12,7.559216668304207,1.1951379207546593,True,0.0,44.36,60.0,0.019513792075465924
9,13,11.213171296201827,1.554013347568386,True,0.0,47.0,40.0,0.055401334756838595
9,14,6.917020460053963,1.3369074435699766,True,0.0,46.68000000000001,50.0,0.033690744356997655
9,15,8.51994565352125,2.29713444357631,True,0.0,45.88,20.0,0.12971344435763102
9,16,9.535841480522008,0.7074969817245502,False,0.0,46.540000000000006,40.0,-0.029250301827544973
9,17,9.1433085571476,1.20840552853657,True,0.0,43.84000000000001,30.0,0.020840552853657
9,18,8.492942629859346,1.0437373584614895,True,0.0,44.32000000000001,30.0,0.004373735846148961
9,19,12.973331576670466,1.431688076767738,True,0.0,49.86,40.0,0.04316880767677381
9,20,7.1877429855808845,1.798187418083762,True,0.0,46.720000000000006,60.0,0.0798187418083762
9,21,8.450926656008539,1.6946666272888202,True,0.0,47.6,50.0,0.06946666272888201
9,22,9.154251519963347,1.366785510495176,True,0.0,46.84,40.0,0.0366785510495176
9,23,7.738918771741749,1.4074254829185064,True,0.0,45.72,40.0,0.04074254829185066
9,24,8.33821247670512,1.7870659639414646,True,0.0,45.76,40.0,0.07870659639414646
9,25,7.380736480471134,1.4751930344857804,True,0.0,45.14,50.0,0.04751930344857804
9,26,10.140636004573915,1.4196442671349772,True,0.0,47.50000000000001,30.0,0.04196442671349772
9,27,11.01848088900384,1.4511741925073358,True,0.0,47.54,30.0,0.04511741925073359
9,28,8.855977386419367,1.0135398829728401,True,0.0,45.64,60.0,0.001353988297284019
9,29,7.066729329285169,1.7735213941305759,True,0.0,47.12,30.0,0.07735213941305759
9,30,6.809150864137342,1.1967542349380118,True,0.0,45.74,40.0,0.019675423493801174
9,31,8.73677170606214,0.8915924760093956,False,0.0,44.06,30.0,-0.010840752399060438
9,32,9.513738036594534,1.3905016043793743,True,0.0,45.5,30.0,0.03905016043793744
9,33,7.157230395396361,1.4812233030465172,True,0.0,45.56,50.0,0.048122330304651705
9,34,6.943253798502782,1.7075749876924298,True,0.0,45.94,40.0,0.07075749876924299
9,35,8.431970313598828,1.5962247953620574,True,0.0,47.940000000000005,40.0,0.05962247953620574
9,36,6.851305393300413,1.5813955942726117,True,0.0,46.68,60.0,0.05813955942726118
9,37,12.129724999643281,1.0934229723377071,True,0.0,45.72,20.0,0.009342297233770721
9,38,12.839887696985675,1.846412766475008,True,0.0,49.14,50.0,0.0846412766475008
9,39,7.858619211408775,1.2872972127724167,True,0.0,47.18,50.0,0.02872972127724168
9,40,11.745287429484861,0.8901378212148764,False,0.0,45.02,60.0,-0.010986217878512363
9,41,7.790203849473571,0.909588473646356,False,0.0,43.68,30.0,-0.009041152635364398
9,42,11.40702535840166,1.4716524026247833,True,0.0,47.18000000000001,40.0,0.04716524026247832
9,43,9.771988997952679,1.5868192316182372,True,0.0,46.68,50.0,0.05868192316182373
9,44,8.148230680027229,0.6895009840875899,False,0.0,45.32000000000001,30.0,-0.031049901591241012
9,45,8.709925096973913,1.6376001719549846,True,0.0,45.800000000000004,40.0,0.06376001719549847
9,46,6.292628174563957,1.6399226935685731,True,0.0,45.28,50.0,0.0639922693568573
9,47,14.097501931456552,1.3122769869765647,True,0.0,47.88,60.0,0.03122769869765648
9,48,8.32353057816266,2.0853382551841566,True,0.0,47.2,50.0,0.10853382551841569
9,49,6.2320932278300205,1.3586061561306493,True,0.0,44.7,50.0,0.03586061561306492
9,50,9.790402152813883,1.7169071719712357,True,0.0,48.02,40.0,0.07169071719712357
9,51,10.976556495221223,2.3755599650168078,True,0.0,49.06,30.0,0.13755599650168077
9,52,9.148867271303784,0.89716084493895,False,0.0,45.88,30.0,-0.010283915506105005
9,53,8.24126007277835,1.5192130031837172,True,0.0,46.84,40.0,0.05192130031837172
9,54,11.561741017372785,1.0655921655556688,True,0.0,47.6,50.0,0.006559216555566874
9,55,8.122384318269393,1.5651553258489799,True,0.0,47.440000000000005,40.0,0.056515532584897984
9,56,13.868114707329966,1.1454516319658097,True,0.0,48.22,50.0,0.014545163196580974
9,57,9.396969935258213,1.4567083416034015,True,0.0,46.99999999999999,60.0,0.045670834160340144
9,58,9.32391845766919,1.5372090008206776,True,0.0,47.44,40.0,0.05372090008206776
9,59,12.233475906091522,1.1242585758299497,True,0.0,47.06,50.0,0.012425857582994979
9,60,7.282868261480861,0.8214140831148761,False,0.0,45.040000000000006,50.0,-0.01785859168851239
9,61,9.344896874238092,1.1587952977390104,True,0.0,46.440000000000005,40.0,0.015879529773901026
9,62,6.045204339989885,1.7292033491978807,True,0.0,46.36,40.0,0.07292033491978807
9,63,8.729449167999194,1.0835127801139712,True,0.0,47.620000000000005,50.0,0.008351278011397126
9,64,6.136039834484766,1.0548054227279593,True,0.0,44.940000000000005,40.0,0.00548054227279593
9,65,8.362928772547594,1.4338176578928532,True,0.0,45.78,60.0,0.04338176578928533
9,66,5.2640635277971155,1.5033759040611931,True,0.0,43.879999999999995,20.0,0.05033759040611931
9,67,13.222844374425199,1.3946379319201676,True,0.0,49.3,30.0,0.03946379319201675
9,68,6.382343222359122,2.0953039472479986,True,0.0,45.7,30.0,0.10953039472479983
9,69,12.305555135777256,1.3917513319825026,True,0.0,46.92,20.0,0.039175133198250264
9,70,5.800663077851608,1.4987032963605107,True,0.0,45.3,30.0,0.04987032963605108
9,71,9.11398247437636,1.3835159092158726,True,0.0,45.339999999999996,20.0,0.038351590921587256
9,72,10.27672239784886,0.9727432742548044,False,0.0,45.92,60.0,-0.002725672574519553
9,73,7.816426420742287,1.015734965031084,True,0.0,44.26,20.0,0.001573496503108416
9,74,8.494623251077737,1.6391317895588706,True,0.0,47.0,40.0,0.06391317895588706
9,75,11.365317364963355,1.0939143461094012,True,0.0,47.66,20.0,0.009391434610940124
9,76,6.075989933917827,1.8306772328819263,True,0.0,47.14,30.0,0.08306772328819265
9,77,8.799847582258545,0.9941271276639299,False,0.0,47.64,30.0,-0.0005872872336070145
9,78,9.344181053137333,1.5880460095595281,True,0.0,46.36,50.0,0.0588046009559528
9,79,9.493875285084949,0.8033321454238198,False,0.0,43.160000000000004,50.0,-0.01966678545761802
9,80,10.330348699381645,1.2802560177688094,True,0.0,46.2,20.0,0.028025601776880932
9,81,12.53442068607654,0.7535910317074965,False,0.0,46.71999999999999,40.0,-0.02464089682925035
9,82,5.762366435873335,1.4544413198299186,True,0.0,45.86,40.0,0.045444131982991874
9,83,6.8981676853191765,1.590141136925493,True,0.0,46.239999999999995,20.0,0.059014113692549296
9,84,8.130947666520267,0.9962488492914863,False,0.0,45.78,50.0,-0.0003751150708513684
9,85,12.261749280724711,1.5025413959928535,True,0.0,46.56,50.0,0.050254139599285354
9,86,8.862852923416025,2.02969775582586,True,0.0,46.2,40.0,0.10296977558258605
9,87,9.694593550754597,1.34495231804395,True,0.0,45.28,40.0,0.03449523180439499
9,88,8.16483115271476,1.1623114785536237,True,0.0,44.54,20.0,0.01623114785536238
9,89,6.194691546815837,1.756665665818813,True,0.0,43.84,30.0,0.07566656658188128
9,90,10.698725352668225,0.7792916888024223,False,0.0,45.68000000000001,20.0,-0.02207083111975777
9,91,9.726014659018672,1.0244056931673051,True,0.0,44.82000000000001,20.0,0.002440569316730503
9,92,6.840226290838425,1.2994841217232511,True,0.0,46.120000000000005,60.0,0.029948412172325124
9,93,12.126970996313048,1.4886615463053794,True,0.0,47.33999999999999,20.0,0.048866154630537936
9,94,8.620453926200094,1.6681313529964,True,0.0,48.480000000000004,60.0,0.06681313529963999
9,95,7.3759840116312585,2.236417682827714,True,0.0,47.44,50.0,0.12364176828277137
9,96,7.578010040908126,1.4145357855027065,True,0.0,47.36,20.0,0.041453578550270646
9,97,7.442771349373837,1.3165551329714367,True,0.0,45.74,60.0,0.03165551329714367
9,98,6.820743365822646,1.182951011803825,True,0.0,45.599999999999994,50.0,0.018295101180382484
9,99,9.100137530648626,1.262260020131849,True,0.0,46.24,40.0,0.02622600201318489
